# Blender v3.0.0 OBJ File: 'dice.blend'
# www.blender.org
mtllib dice.mtl
o Cube
v 0.950000 0.950000 -1.000000
v 0.950000 1.000000 -0.950000
v 1.000000 0.950000 -0.950000
v 0.950000 -1.000000 -0.950000
v 0.950000 -0.950000 -1.000000
v 1.000000 -0.950000 -0.950000
v 1.000000 0.950000 0.950000
v 0.950000 1.000000 0.950000
v 0.950000 0.950000 1.000000
v 1.000000 -0.950000 0.950000
v 0.950000 -0.950000 1.000000
v 0.950000 -1.000000 0.950000
v -0.950000 0.950000 -1.000000
v -1.000000 0.950000 -0.950000
v -0.950000 1.000000 -0.950000
v -1.000000 -0.950000 -0.950000
v -0.950000 -0.950000 -1.000000
v -0.950000 -1.000000 -0.950000
v -1.000000 0.950000 0.950000
v -0.950000 0.950000 1.000000
v -0.950000 1.000000 0.950000
v -0.950000 -1.000000 0.950000
v -0.950000 -0.950000 1.000000
v -1.000000 -0.950000 0.950000
vt 0.131250 0.506250
vt 0.368750 0.506250
vt 0.368750 0.743750
vt 0.131250 0.743750
vt 0.381250 0.006250
vt 0.618750 0.006250
vt 0.618750 0.243750
vt 0.381250 0.243750
vt 0.381250 0.756250
vt 0.618750 0.756250
vt 0.618750 0.993750
vt 0.381250 0.993750
vt 0.631250 0.506250
vt 0.868750 0.506250
vt 0.868750 0.743750
vt 0.631250 0.743750
vt 0.381250 0.506250
vt 0.618750 0.506250
vt 0.618750 0.743750
vt 0.381250 0.743750
vt 0.618750 0.493750
vt 0.625000 0.493750
vt 0.618750 0.500000
vt 0.368750 0.500000
vt 0.375000 0.506250
vt 0.625000 0.743750
vt 0.618750 0.750000
vt 0.381250 0.750000
vt 0.375000 0.756250
vt 0.375000 0.756250
vt 0.618750 0.250000
vt 0.618750 0.250000
vt 0.625000 0.243750
vt 0.381250 0.250000
vt 0.375000 0.243750
vt 0.618750 0.000000
vt 0.625000 0.006250
vt 0.131250 0.750000
vt 0.125000 0.743750
vt 0.125000 0.506250
vt 0.131250 0.500000
vt 0.381250 0.493750
vt 0.381250 0.000000
vt 0.618750 0.256250
vt 0.381250 0.256250
vt 0.625000 0.756250
vt 0.625000 0.993750
vt 0.368750 0.750000
vt 0.625000 0.256250
vn 0.0000 -1.0000 0.0000
vn -1.0000 0.0000 0.0000
vn 0.0000 0.0000 1.0000
vn 0.0000 1.0000 0.0000
vn 1.0000 0.0000 0.0000
vn 0.5774 0.5774 -0.5774
vn 0.5774 -0.5774 -0.5774
vn 0.5774 0.5774 0.5774
vn 0.5774 -0.5774 0.5774
vn -0.5774 0.5774 -0.5774
vn -0.5774 -0.5774 -0.5774
vn -0.5774 0.5774 0.5774
vn -0.5774 -0.5774 0.5774
vn -0.7071 -0.7071 0.0000
vn 0.0000 -0.7071 -0.7071
vn 0.7071 0.0000 -0.7071
vn -0.7071 0.0000 0.7071
vn 0.7071 0.0000 0.7071
vn -0.7071 0.0000 -0.7071
vn 0.0000 0.7071 0.7071
vn 0.7071 0.7071 0.0000
vn 0.0000 -0.7071 0.7071
vn -0.7071 0.7071 0.0000
vn 0.0000 0.7071 -0.7071
vn 0.7071 -0.7071 0.0000
vn 0.0000 0.0000 -1.0000
usemtl based
s off
f 18/1/1 4/2/1 12/3/1 22/4/1
f 24/5/2 19/6/2 14/7/2 16/8/2
f 11/9/3 9/10/3 20/11/3 23/12/3
f 2/13/4 15/14/4 21/15/4 8/16/4
f 6/17/5 3/18/5 7/19/5 10/20/5
f 1/21/6 2/22/6 3/23/6
f 4/2/7 5/24/7 6/25/7
f 7/19/8 8/26/8 9/27/8
f 10/28/9 11/29/9 12/30/9
f 13/31/10 14/32/10 15/33/10
f 16/8/11 17/34/11 18/35/11
f 19/6/12 20/36/12 21/37/12
f 22/4/13 23/38/13 24/39/13
f 18/1/14 22/4/14 24/39/14 16/40/14
f 4/2/15 18/1/15 17/41/15 5/24/15
f 3/18/16 6/17/16 5/42/16 1/21/16
f 23/43/17 20/36/17 19/6/17 24/5/17
f 9/10/18 11/9/18 10/20/18 7/19/18
f 13/44/19 17/45/19 16/8/19 14/7/19
f 8/46/20 21/47/20 20/11/20 9/10/20
f 2/13/21 8/16/21 7/19/21 3/18/21
f 22/4/22 12/3/22 11/48/22 23/38/22
f 21/37/23 15/33/23 14/7/23 19/6/23
f 15/49/24 2/22/24 1/21/24 13/44/24
f 12/3/25 4/2/25 6/17/25 10/20/25
f 17/45/26 13/44/26 1/21/26 5/42/26
o Cylinder.002_Cylinder.017
v -1.020000 -0.500000 0.300000
v 0.980000 -0.500000 0.300000
v -1.020000 -0.539018 0.303843
v 0.980000 -0.539018 0.303843
v -1.020000 -0.576537 0.315224
v 0.980000 -0.576537 0.315224
v -1.020000 -0.611114 0.333706
v 0.980000 -0.611114 0.333706
v -1.020000 -0.641421 0.358579
v 0.980000 -0.641421 0.358579
v -1.020000 -0.666294 0.388886
v 0.980000 -0.666294 0.388886
v -1.020000 -0.684776 0.423463
v 0.980000 -0.684776 0.423463
v -1.020000 -0.696157 0.460982
v 0.980000 -0.696157 0.460982
v -1.020000 -0.700000 0.500000
v 0.980000 -0.700000 0.500000
v -1.020000 -0.696157 0.539018
v 0.980000 -0.696157 0.539018
v -1.020000 -0.684776 0.576537
v 0.980000 -0.684776 0.576537
v -1.020000 -0.666294 0.611114
v 0.980000 -0.666294 0.611114
v -1.020000 -0.641421 0.641421
v 0.980000 -0.641421 0.641421
v -1.020000 -0.611114 0.666294
v 0.980000 -0.611114 0.666294
v -1.020000 -0.576537 0.684776
v 0.980000 -0.576537 0.684776
v -1.020000 -0.539018 0.696157
v 0.980000 -0.539018 0.696157
v -1.020000 -0.500000 0.700000
v 0.980000 -0.500000 0.700000
v -1.020000 -0.460982 0.696157
v 0.980000 -0.460982 0.696157
v -1.020000 -0.423463 0.684776
v 0.980000 -0.423463 0.684776
v -1.020000 -0.388886 0.666294
v 0.980000 -0.388886 0.666294
v -1.020000 -0.358579 0.641421
v 0.980000 -0.358579 0.641421
v -1.020000 -0.333706 0.611114
v 0.980000 -0.333706 0.611114
v -1.020000 -0.315224 0.576537
v 0.980000 -0.315224 0.576537
v -1.020000 -0.303843 0.539018
v 0.980000 -0.303843 0.539018
v -1.020000 -0.300000 0.500000
v 0.980000 -0.300000 0.500000
v -1.020000 -0.303843 0.460982
v 0.980000 -0.303843 0.460982
v -1.020000 -0.315224 0.423463
v 0.980000 -0.315224 0.423463
v -1.020000 -0.333706 0.388886
v 0.980000 -0.333706 0.388886
v -1.020000 -0.358579 0.358579
v 0.980000 -0.358579 0.358579
v -1.020000 -0.388886 0.333706
v 0.980000 -0.388886 0.333706
v -1.020000 -0.423463 0.315224
v 0.980000 -0.423463 0.315224
v -1.020000 -0.460982 0.303843
v 0.980000 -0.460982 0.303843
v -0.980000 -0.000000 -0.200000
v 1.020000 0.000000 -0.200000
v -0.980000 -0.039018 -0.196157
v 1.020000 -0.039018 -0.196157
v -0.980000 -0.076537 -0.184776
v 1.020000 -0.076537 -0.184776
v -0.980000 -0.111114 -0.166294
v 1.020000 -0.111114 -0.166294
v -0.980000 -0.141421 -0.141421
v 1.020000 -0.141421 -0.141421
v -0.980000 -0.166294 -0.111114
v 1.020000 -0.166294 -0.111114
v -0.980000 -0.184776 -0.076537
v 1.020000 -0.184776 -0.076537
v -0.980000 -0.196157 -0.039018
v 1.020000 -0.196157 -0.039018
v -0.980000 -0.200000 0.000000
v 1.020000 -0.200000 0.000000
v -0.980000 -0.196157 0.039018
v 1.020000 -0.196157 0.039018
v -0.980000 -0.184776 0.076537
v 1.020000 -0.184776 0.076537
v -0.980000 -0.166294 0.111114
v 1.020000 -0.166294 0.111114
v -0.980000 -0.141421 0.141421
v 1.020000 -0.141421 0.141421
v -0.980000 -0.111114 0.166294
v 1.020000 -0.111114 0.166294
v -0.980000 -0.076537 0.184776
v 1.020000 -0.076537 0.184776
v -0.980000 -0.039018 0.196157
v 1.020000 -0.039018 0.196157
v -0.980000 -0.000000 0.200000
v 1.020000 0.000000 0.200000
v -0.980000 0.039018 0.196157
v 1.020000 0.039018 0.196157
v -0.980000 0.076537 0.184776
v 1.020000 0.076537 0.184776
v -0.980000 0.111114 0.166294
v 1.020000 0.111114 0.166294
v -0.980000 0.141421 0.141421
v 1.020000 0.141421 0.141421
v -0.980000 0.166294 0.111114
v 1.020000 0.166294 0.111114
v -0.980000 0.184776 0.076537
v 1.020000 0.184776 0.076537
v -0.980000 0.196157 0.039018
v 1.020000 0.196157 0.039018
v -0.980000 0.200000 0.000000
v 1.020000 0.200000 0.000000
v -0.980000 0.196157 -0.039018
v 1.020000 0.196157 -0.039018
v -0.980000 0.184776 -0.076537
v 1.020000 0.184776 -0.076537
v -0.980000 0.166294 -0.111114
v 1.020000 0.166294 -0.111114
v -0.980000 0.141421 -0.141421
v 1.020000 0.141421 -0.141421
v -0.980000 0.111114 -0.166294
v 1.020000 0.111114 -0.166294
v -0.980000 0.076537 -0.184776
v 1.020000 0.076537 -0.184776
v -0.980000 0.039018 -0.196157
v 1.020000 0.039018 -0.196157
v -0.980000 0.500000 0.300000
v 1.020000 0.500000 0.300000
v -0.980000 0.460982 0.303843
v 1.020000 0.460982 0.303843
v -0.980000 0.423463 0.315224
v 1.020000 0.423463 0.315224
v -0.980000 0.388886 0.333706
v 1.020000 0.388886 0.333706
v -0.980000 0.358579 0.358579
v 1.020000 0.358579 0.358579
v -0.980000 0.333706 0.388886
v 1.020000 0.333706 0.388886
v -0.980000 0.315224 0.423463
v 1.020000 0.315224 0.423463
v -0.980000 0.303843 0.460982
v 1.020000 0.303843 0.460982
v -0.980000 0.300000 0.500000
v 1.020000 0.300000 0.500000
v -0.980000 0.303843 0.539018
v 1.020000 0.303843 0.539018
v -0.980000 0.315224 0.576537
v 1.020000 0.315224 0.576537
v -0.980000 0.333706 0.611114
v 1.020000 0.333706 0.611114
v -0.980000 0.358579 0.641421
v 1.020000 0.358579 0.641421
v -0.980000 0.388886 0.666294
v 1.020000 0.388886 0.666294
v -0.980000 0.423463 0.684776
v 1.020000 0.423463 0.684776
v -0.980000 0.460982 0.696157
v 1.020000 0.460982 0.696157
v -0.980000 0.500000 0.700000
v 1.020000 0.500000 0.700000
v -0.980000 0.539018 0.696157
v 1.020000 0.539018 0.696157
v -0.980000 0.576537 0.684776
v 1.020000 0.576537 0.684776
v -0.980000 0.611114 0.666294
v 1.020000 0.611114 0.666294
v -0.980000 0.641421 0.641421
v 1.020000 0.641421 0.641421
v -0.980000 0.666294 0.611114
v 1.020000 0.666294 0.611114
v -0.980000 0.684776 0.576537
v 1.020000 0.684776 0.576537
v -0.980000 0.696157 0.539018
v 1.020000 0.696157 0.539018
v -0.980000 0.700000 0.500000
v 1.020000 0.700000 0.500000
v -0.980000 0.696157 0.460982
v 1.020000 0.696157 0.460982
v -0.980000 0.684776 0.423463
v 1.020000 0.684776 0.423463
v -0.980000 0.666294 0.388886
v 1.020000 0.666294 0.388886
v -0.980000 0.641421 0.358579
v 1.020000 0.641421 0.358579
v -0.980000 0.611114 0.333706
v 1.020000 0.611114 0.333706
v -0.980000 0.576537 0.315224
v 1.020000 0.576537 0.315224
v -0.980000 0.539018 0.303843
v 1.020000 0.539018 0.303843
v -1.020000 0.500000 -0.700000
v 0.980000 0.500000 -0.700000
v -1.020000 0.460982 -0.696157
v 0.980000 0.460982 -0.696157
v -1.020000 0.423463 -0.684776
v 0.980000 0.423463 -0.684776
v -1.020000 0.388886 -0.666294
v 0.980000 0.388886 -0.666294
v -1.020000 0.358579 -0.641421
v 0.980000 0.358579 -0.641421
v -1.020000 0.333706 -0.611114
v 0.980000 0.333706 -0.611114
v -1.020000 0.315224 -0.576537
v 0.980000 0.315224 -0.576537
v -1.020000 0.303843 -0.539018
v 0.980000 0.303843 -0.539018
v -1.020000 0.300000 -0.500000
v 0.980000 0.300000 -0.500000
v -1.020000 0.303843 -0.460982
v 0.980000 0.303843 -0.460982
v -1.020000 0.315224 -0.423463
v 0.980000 0.315224 -0.423463
v -1.020000 0.333706 -0.388886
v 0.980000 0.333706 -0.388886
v -1.020000 0.358579 -0.358579
v 0.980000 0.358579 -0.358579
v -1.020000 0.388886 -0.333706
v 0.980000 0.388886 -0.333706
v -1.020000 0.423463 -0.315224
v 0.980000 0.423463 -0.315224
v -1.020000 0.460982 -0.303843
v 0.980000 0.460982 -0.303843
v -1.020000 0.500000 -0.300000
v 0.980000 0.500000 -0.300000
v -1.020000 0.539018 -0.303843
v 0.980000 0.539018 -0.303843
v -1.020000 0.576537 -0.315224
v 0.980000 0.576537 -0.315224
v -1.020000 0.611114 -0.333706
v 0.980000 0.611114 -0.333706
v -1.020000 0.641421 -0.358579
v 0.980000 0.641421 -0.358579
v -1.020000 0.666294 -0.388886
v 0.980000 0.666294 -0.388886
v -1.020000 0.684776 -0.423463
v 0.980000 0.684776 -0.423463
v -1.020000 0.696157 -0.460982
v 0.980000 0.696157 -0.460982
v -1.020000 0.700000 -0.500000
v 0.980000 0.700000 -0.500000
v -1.020000 0.696157 -0.539018
v 0.980000 0.696157 -0.539018
v -1.020000 0.684776 -0.576537
v 0.980000 0.684776 -0.576537
v -1.020000 0.666294 -0.611114
v 0.980000 0.666294 -0.611114
v -1.020000 0.641421 -0.641421
v 0.980000 0.641421 -0.641421
v -1.020000 0.611114 -0.666294
v 0.980000 0.611114 -0.666294
v -1.020000 0.576537 -0.684776
v 0.980000 0.576537 -0.684776
v -1.020000 0.539018 -0.696157
v 0.980000 0.539018 -0.696157
v -0.980000 -0.500000 -0.700000
v 1.020000 -0.500000 -0.700000
v -0.980000 -0.539018 -0.696157
v 1.020000 -0.539018 -0.696157
v -0.980000 -0.576537 -0.684776
v 1.020000 -0.576537 -0.684776
v -0.980000 -0.611114 -0.666294
v 1.020000 -0.611114 -0.666294
v -0.980000 -0.641421 -0.641421
v 1.020000 -0.641421 -0.641421
v -0.980000 -0.666294 -0.611114
v 1.020000 -0.666294 -0.611114
v -0.980000 -0.684776 -0.576537
v 1.020000 -0.684776 -0.576537
v -0.980000 -0.696157 -0.539018
v 1.020000 -0.696157 -0.539018
v -0.980000 -0.700000 -0.500000
v 1.020000 -0.700000 -0.500000
v -0.980000 -0.696157 -0.460982
v 1.020000 -0.696157 -0.460982
v -0.980000 -0.684776 -0.423463
v 1.020000 -0.684776 -0.423463
v -0.980000 -0.666294 -0.388886
v 1.020000 -0.666294 -0.388886
v -0.980000 -0.641421 -0.358579
v 1.020000 -0.641421 -0.358579
v -0.980000 -0.611114 -0.333706
v 1.020000 -0.611114 -0.333706
v -0.980000 -0.576537 -0.315224
v 1.020000 -0.576537 -0.315224
v -0.980000 -0.539018 -0.303843
v 1.020000 -0.539018 -0.303843
v -0.980000 -0.500000 -0.300000
v 1.020000 -0.500000 -0.300000
v -0.980000 -0.460982 -0.303843
v 1.020000 -0.460982 -0.303843
v -0.980000 -0.423463 -0.315224
v 1.020000 -0.423463 -0.315224
v -0.980000 -0.388886 -0.333706
v 1.020000 -0.388886 -0.333706
v -0.980000 -0.358579 -0.358579
v 1.020000 -0.358579 -0.358579
v -0.980000 -0.333706 -0.388886
v 1.020000 -0.333706 -0.388886
v -0.980000 -0.315224 -0.423463
v 1.020000 -0.315224 -0.423463
v -0.980000 -0.303843 -0.460982
v 1.020000 -0.303843 -0.460982
v -0.980000 -0.300000 -0.500000
v 1.020000 -0.300000 -0.500000
v -0.980000 -0.303843 -0.539018
v 1.020000 -0.303843 -0.539018
v -0.980000 -0.315224 -0.576537
v 1.020000 -0.315224 -0.576537
v -0.980000 -0.333706 -0.611114
v 1.020000 -0.333706 -0.611114
v -0.980000 -0.358579 -0.641421
v 1.020000 -0.358579 -0.641421
v -0.980000 -0.388886 -0.666294
v 1.020000 -0.388886 -0.666294
v -0.980000 -0.423463 -0.684776
v 1.020000 -0.423463 -0.684776
v -0.980000 -0.460982 -0.696157
v 1.020000 -0.460982 -0.696157
v -1.020000 0.500000 0.300000
v 0.980000 0.500000 0.300000
v -1.020000 0.460982 0.303843
v 0.980000 0.460982 0.303843
v -1.020000 0.423463 0.315224
v 0.980000 0.423463 0.315224
v -1.020000 0.388886 0.333706
v 0.980000 0.388886 0.333706
v -1.020000 0.358579 0.358579
v 0.980000 0.358579 0.358579
v -1.020000 0.333706 0.388886
v 0.980000 0.333706 0.388886
v -1.020000 0.315224 0.423463
v 0.980000 0.315224 0.423463
v -1.020000 0.303843 0.460982
v 0.980000 0.303843 0.460982
v -1.020000 0.300000 0.500000
v 0.980000 0.300000 0.500000
v -1.020000 0.303843 0.539018
v 0.980000 0.303843 0.539018
v -1.020000 0.315224 0.576537
v 0.980000 0.315224 0.576537
v -1.020000 0.333706 0.611114
v 0.980000 0.333706 0.611114
v -1.020000 0.358579 0.641421
v 0.980000 0.358579 0.641421
v -1.020000 0.388886 0.666294
v 0.980000 0.388886 0.666294
v -1.020000 0.423463 0.684776
v 0.980000 0.423463 0.684776
v -1.020000 0.460982 0.696157
v 0.980000 0.460982 0.696157
v -1.020000 0.500000 0.700000
v 0.980000 0.500000 0.700000
v -1.020000 0.539018 0.696157
v 0.980000 0.539018 0.696157
v -1.020000 0.576537 0.684776
v 0.980000 0.576537 0.684776
v -1.020000 0.611114 0.666294
v 0.980000 0.611114 0.666294
v -1.020000 0.641421 0.641421
v 0.980000 0.641421 0.641421
v -1.020000 0.666294 0.611114
v 0.980000 0.666294 0.611114
v -1.020000 0.684776 0.576537
v 0.980000 0.684776 0.576537
v -1.020000 0.696157 0.539018
v 0.980000 0.696157 0.539018
v -1.020000 0.700000 0.500000
v 0.980000 0.700000 0.500000
v -1.020000 0.696157 0.460982
v 0.980000 0.696157 0.460982
v -1.020000 0.684776 0.423463
v 0.980000 0.684776 0.423463
v -1.020000 0.666294 0.388886
v 0.980000 0.666294 0.388886
v -1.020000 0.641421 0.358579
v 0.980000 0.641421 0.358579
v -1.020000 0.611114 0.333706
v 0.980000 0.611114 0.333706
v -1.020000 0.576537 0.315224
v 0.980000 0.576537 0.315224
v -1.020000 0.539018 0.303843
v 0.980000 0.539018 0.303843
v -1.020000 -0.500000 -0.700000
v 0.980000 -0.500000 -0.700000
v -1.020000 -0.539018 -0.696157
v 0.980000 -0.539018 -0.696157
v -1.020000 -0.576537 -0.684776
v 0.980000 -0.576537 -0.684776
v -1.020000 -0.611114 -0.666294
v 0.980000 -0.611114 -0.666294
v -1.020000 -0.641421 -0.641421
v 0.980000 -0.641421 -0.641421
v -1.020000 -0.666294 -0.611114
v 0.980000 -0.666294 -0.611114
v -1.020000 -0.684776 -0.576537
v 0.980000 -0.684776 -0.576537
v -1.020000 -0.696157 -0.539018
v 0.980000 -0.696157 -0.539018
v -1.020000 -0.700000 -0.500000
v 0.980000 -0.700000 -0.500000
v -1.020000 -0.696157 -0.460982
v 0.980000 -0.696157 -0.460982
v -1.020000 -0.684776 -0.423463
v 0.980000 -0.684776 -0.423463
v -1.020000 -0.666294 -0.388886
v 0.980000 -0.666294 -0.388886
v -1.020000 -0.641421 -0.358579
v 0.980000 -0.641421 -0.358579
v -1.020000 -0.611114 -0.333706
v 0.980000 -0.611114 -0.333706
v -1.020000 -0.576537 -0.315224
v 0.980000 -0.576537 -0.315224
v -1.020000 -0.539018 -0.303843
v 0.980000 -0.539018 -0.303843
v -1.020000 -0.500000 -0.300000
v 0.980000 -0.500000 -0.300000
v -1.020000 -0.460982 -0.303843
v 0.980000 -0.460982 -0.303843
v -1.020000 -0.423463 -0.315224
v 0.980000 -0.423463 -0.315224
v -1.020000 -0.388886 -0.333706
v 0.980000 -0.388886 -0.333706
v -1.020000 -0.358579 -0.358579
v 0.980000 -0.358579 -0.358579
v -1.020000 -0.333706 -0.388886
v 0.980000 -0.333706 -0.388886
v -1.020000 -0.315224 -0.423463
v 0.980000 -0.315224 -0.423463
v -1.020000 -0.303843 -0.460982
v 0.980000 -0.303843 -0.460982
v -1.020000 -0.300000 -0.500000
v 0.980000 -0.300000 -0.500000
v -1.020000 -0.303843 -0.539018
v 0.980000 -0.303843 -0.539018
v -1.020000 -0.315224 -0.576537
v 0.980000 -0.315224 -0.576537
v -1.020000 -0.333706 -0.611114
v 0.980000 -0.333706 -0.611114
v -1.020000 -0.358579 -0.641421
v 0.980000 -0.358579 -0.641421
v -1.020000 -0.388886 -0.666294
v 0.980000 -0.388886 -0.666294
v -1.020000 -0.423463 -0.684776
v 0.980000 -0.423463 -0.684776
v -1.020000 -0.460982 -0.696157
v 0.980000 -0.460982 -0.696157
v 0.000000 0.200000 -1.020000
v 0.000000 0.200000 0.980000
v 0.039018 0.196157 -1.020000
v 0.039018 0.196157 0.980000
v 0.076537 0.184776 -1.020000
v 0.076537 0.184776 0.980000
v 0.111114 0.166294 -1.020000
v 0.111114 0.166294 0.980000
v 0.141421 0.141421 -1.020000
v 0.141421 0.141421 0.980000
v 0.166294 0.111114 -1.020000
v 0.166294 0.111114 0.980000
v 0.184776 0.076537 -1.020000
v 0.184776 0.076537 0.980000
v 0.196157 0.039018 -1.020000
v 0.196157 0.039018 0.980000
v 0.200000 0.000000 -1.020000
v 0.200000 -0.000000 0.980000
v 0.196157 -0.039018 -1.020000
v 0.196157 -0.039018 0.980000
v 0.184776 -0.076537 -1.020000
v 0.184776 -0.076537 0.980000
v 0.166294 -0.111114 -1.020000
v 0.166294 -0.111114 0.980000
v 0.141421 -0.141421 -1.020000
v 0.141421 -0.141421 0.980000
v 0.111114 -0.166294 -1.020000
v 0.111114 -0.166294 0.980000
v 0.076537 -0.184776 -1.020000
v 0.076537 -0.184776 0.980000
v 0.039018 -0.196157 -1.020000
v 0.039018 -0.196157 0.980000
v 0.000000 -0.200000 -1.020000
v 0.000000 -0.200000 0.980000
v -0.039018 -0.196157 -1.020000
v -0.039018 -0.196157 0.980000
v -0.076537 -0.184776 -1.020000
v -0.076537 -0.184776 0.980000
v -0.111114 -0.166294 -1.020000
v -0.111114 -0.166294 0.980000
v -0.141421 -0.141421 -1.020000
v -0.141421 -0.141421 0.980000
v -0.166294 -0.111114 -1.020000
v -0.166294 -0.111114 0.980000
v -0.184776 -0.076537 -1.020000
v -0.184776 -0.076537 0.980000
v -0.196157 -0.039018 -1.020000
v -0.196157 -0.039018 0.980000
v -0.200000 0.000000 -1.020000
v -0.200000 -0.000000 0.980000
v -0.196157 0.039018 -1.020000
v -0.196157 0.039018 0.980000
v -0.184776 0.076537 -1.020000
v -0.184776 0.076537 0.980000
v -0.166294 0.111114 -1.020000
v -0.166294 0.111114 0.980000
v -0.141421 0.141421 -1.020000
v -0.141421 0.141421 0.980000
v -0.111114 0.166294 -1.020000
v -0.111114 0.166294 0.980000
v -0.076537 0.184776 -1.020000
v -0.076537 0.184776 0.980000
v -0.039018 0.196157 -1.020000
v -0.039018 0.196157 0.980000
v -0.500000 -0.300000 -1.020000
v -0.500000 -0.300000 0.980000
v -0.460982 -0.303843 -1.020000
v -0.460982 -0.303843 0.980000
v -0.423463 -0.315224 -1.020000
v -0.423463 -0.315224 0.980000
v -0.388886 -0.333706 -1.020000
v -0.388886 -0.333706 0.980000
v -0.358579 -0.358579 -1.020000
v -0.358579 -0.358579 0.980000
v -0.333706 -0.388886 -1.020000
v -0.333706 -0.388886 0.980000
v -0.315224 -0.423463 -1.020000
v -0.315224 -0.423463 0.980000
v -0.303843 -0.460982 -1.020000
v -0.303843 -0.460982 0.980000
v -0.300000 -0.500000 -1.020000
v -0.300000 -0.500000 0.980000
v -0.303843 -0.539018 -1.020000
v -0.303843 -0.539018 0.980000
v -0.315224 -0.576537 -1.020000
v -0.315224 -0.576537 0.980000
v -0.333706 -0.611114 -1.020000
v -0.333706 -0.611114 0.980000
v -0.358579 -0.641421 -1.020000
v -0.358579 -0.641421 0.980000
v -0.388886 -0.666294 -1.020000
v -0.388886 -0.666294 0.980000
v -0.423463 -0.684776 -1.020000
v -0.423463 -0.684776 0.980000
v -0.460982 -0.696157 -1.020000
v -0.460982 -0.696157 0.980000
v -0.500000 -0.700000 -1.020000
v -0.500000 -0.700000 0.980000
v -0.539018 -0.696157 -1.020000
v -0.539018 -0.696157 0.980000
v -0.576537 -0.684776 -1.020000
v -0.576537 -0.684776 0.980000
v -0.611114 -0.666294 -1.020000
v -0.611114 -0.666294 0.980000
v -0.641421 -0.641421 -1.020000
v -0.641421 -0.641421 0.980000
v -0.666294 -0.611114 -1.020000
v -0.666294 -0.611114 0.980000
v -0.684776 -0.576537 -1.020000
v -0.684776 -0.576537 0.980000
v -0.696157 -0.539018 -1.020000
v -0.696157 -0.539018 0.980000
v -0.700000 -0.500000 -1.020000
v -0.700000 -0.500000 0.980000
v -0.696157 -0.460982 -1.020000
v -0.696157 -0.460982 0.980000
v -0.684776 -0.423463 -1.020000
v -0.684776 -0.423463 0.980000
v -0.666294 -0.388886 -1.020000
v -0.666294 -0.388886 0.980000
v -0.641421 -0.358579 -1.020000
v -0.641421 -0.358579 0.980000
v -0.611114 -0.333706 -1.020000
v -0.611114 -0.333706 0.980000
v -0.576537 -0.315224 -1.020000
v -0.576537 -0.315224 0.980000
v -0.539018 -0.303843 -1.020000
v -0.539018 -0.303843 0.980000
v -0.500000 0.700000 -1.020000
v -0.500000 0.700000 0.980000
v -0.460982 0.696157 -1.020000
v -0.460982 0.696157 0.980000
v -0.423463 0.684776 -1.020000
v -0.423463 0.684776 0.980000
v -0.388886 0.666294 -1.020000
v -0.388886 0.666294 0.980000
v -0.358579 0.641421 -1.020000
v -0.358579 0.641421 0.980000
v -0.333706 0.611114 -1.020000
v -0.333706 0.611114 0.980000
v -0.315224 0.576537 -1.020000
v -0.315224 0.576537 0.980000
v -0.303843 0.539018 -1.020000
v -0.303843 0.539018 0.980000
v -0.300000 0.500000 -1.020000
v -0.300000 0.500000 0.980000
v -0.303843 0.460982 -1.020000
v -0.303843 0.460982 0.980000
v -0.315224 0.423463 -1.020000
v -0.315224 0.423463 0.980000
v -0.333706 0.388886 -1.020000
v -0.333706 0.388886 0.980000
v -0.358579 0.358579 -1.020000
v -0.358579 0.358579 0.980000
v -0.388886 0.333706 -1.020000
v -0.388886 0.333706 0.980000
v -0.423463 0.315224 -1.020000
v -0.423463 0.315224 0.980000
v -0.460982 0.303843 -1.020000
v -0.460982 0.303843 0.980000
v -0.500000 0.300000 -1.020000
v -0.500000 0.300000 0.980000
v -0.539018 0.303843 -1.020000
v -0.539018 0.303843 0.980000
v -0.576537 0.315224 -1.020000
v -0.576537 0.315224 0.980000
v -0.611114 0.333706 -1.020000
v -0.611114 0.333706 0.980000
v -0.641421 0.358579 -1.020000
v -0.641421 0.358579 0.980000
v -0.666294 0.388886 -1.020000
v -0.666294 0.388886 0.980000
v -0.684776 0.423463 -1.020000
v -0.684776 0.423463 0.980000
v -0.696157 0.460982 -1.020000
v -0.696157 0.460982 0.980000
v -0.700000 0.500000 -1.020000
v -0.700000 0.500000 0.980000
v -0.696157 0.539018 -1.020000
v -0.696157 0.539018 0.980000
v -0.684776 0.576537 -1.020000
v -0.684776 0.576537 0.980000
v -0.666294 0.611114 -1.020000
v -0.666294 0.611114 0.980000
v -0.641421 0.641421 -1.020000
v -0.641421 0.641421 0.980000
v -0.611114 0.666294 -1.020000
v -0.611114 0.666294 0.980000
v -0.576537 0.684776 -1.020000
v -0.576537 0.684776 0.980000
v -0.539018 0.696157 -1.020000
v -0.539018 0.696157 0.980000
v 0.500000 0.700000 -1.020000
v 0.500000 0.700000 0.980000
v 0.539018 0.696157 -1.020000
v 0.539018 0.696157 0.980000
v 0.576537 0.684776 -1.020000
v 0.576537 0.684776 0.980000
v 0.611114 0.666294 -1.020000
v 0.611114 0.666294 0.980000
v 0.641421 0.641421 -1.020000
v 0.641421 0.641421 0.980000
v 0.666294 0.611114 -1.020000
v 0.666294 0.611114 0.980000
v 0.684776 0.576537 -1.020000
v 0.684776 0.576537 0.980000
v 0.696157 0.539018 -1.020000
v 0.696157 0.539018 0.980000
v 0.700000 0.500000 -1.020000
v 0.700000 0.500000 0.980000
v 0.696157 0.460982 -1.020000
v 0.696157 0.460982 0.980000
v 0.684776 0.423463 -1.020000
v 0.684776 0.423463 0.980000
v 0.666294 0.388886 -1.020000
v 0.666294 0.388886 0.980000
v 0.641421 0.358579 -1.020000
v 0.641421 0.358579 0.980000
v 0.611114 0.333706 -1.020000
v 0.611114 0.333706 0.980000
v 0.576537 0.315224 -1.020000
v 0.576537 0.315224 0.980000
v 0.539018 0.303843 -1.020000
v 0.539018 0.303843 0.980000
v 0.500000 0.300000 -1.020000
v 0.500000 0.300000 0.980000
v 0.460982 0.303843 -1.020000
v 0.460982 0.303843 0.980000
v 0.423463 0.315224 -1.020000
v 0.423463 0.315224 0.980000
v 0.388886 0.333706 -1.020000
v 0.388886 0.333706 0.980000
v 0.358579 0.358579 -1.020000
v 0.358579 0.358579 0.980000
v 0.333706 0.388886 -1.020000
v 0.333706 0.388886 0.980000
v 0.315224 0.423463 -1.020000
v 0.315224 0.423463 0.980000
v 0.303843 0.460982 -1.020000
v 0.303843 0.460982 0.980000
v 0.300000 0.500000 -1.020000
v 0.300000 0.500000 0.980000
v 0.303843 0.539018 -1.020000
v 0.303843 0.539018 0.980000
v 0.315224 0.576537 -1.020000
v 0.315224 0.576537 0.980000
v 0.333706 0.611114 -1.020000
v 0.333706 0.611114 0.980000
v 0.358579 0.641421 -1.020000
v 0.358579 0.641421 0.980000
v 0.388886 0.666294 -1.020000
v 0.388886 0.666294 0.980000
v 0.423463 0.684776 -1.020000
v 0.423463 0.684776 0.980000
v 0.460982 0.696157 -1.020000
v 0.460982 0.696157 0.980000
v 0.500000 -0.300000 -1.020000
v 0.500000 -0.300000 0.980000
v 0.539018 -0.303843 -1.020000
v 0.539018 -0.303843 0.980000
v 0.576537 -0.315224 -1.020000
v 0.576537 -0.315224 0.980000
v 0.611114 -0.333706 -1.020000
v 0.611114 -0.333706 0.980000
v 0.641421 -0.358579 -1.020000
v 0.641421 -0.358579 0.980000
v 0.666294 -0.388886 -1.020000
v 0.666294 -0.388886 0.980000
v 0.684776 -0.423463 -1.020000
v 0.684776 -0.423463 0.980000
v 0.696157 -0.460982 -1.020000
v 0.696157 -0.460982 0.980000
v 0.700000 -0.500000 -1.020000
v 0.700000 -0.500000 0.980000
v 0.696157 -0.539018 -1.020000
v 0.696157 -0.539018 0.980000
v 0.684776 -0.576537 -1.020000
v 0.684776 -0.576537 0.980000
v 0.666294 -0.611114 -1.020000
v 0.666294 -0.611114 0.980000
v 0.641421 -0.641421 -1.020000
v 0.641421 -0.641421 0.980000
v 0.611114 -0.666294 -1.020000
v 0.611114 -0.666294 0.980000
v 0.576537 -0.684776 -1.020000
v 0.576537 -0.684776 0.980000
v 0.539018 -0.696157 -1.020000
v 0.539018 -0.696157 0.980000
v 0.500000 -0.700000 -1.020000
v 0.500000 -0.700000 0.980000
v 0.460982 -0.696157 -1.020000
v 0.460982 -0.696157 0.980000
v 0.423463 -0.684776 -1.020000
v 0.423463 -0.684776 0.980000
v 0.388886 -0.666294 -1.020000
v 0.388886 -0.666294 0.980000
v 0.358579 -0.641421 -1.020000
v 0.358579 -0.641421 0.980000
v 0.333706 -0.611114 -1.020000
v 0.333706 -0.611114 0.980000
v 0.315224 -0.576537 -1.020000
v 0.315224 -0.576537 0.980000
v 0.303843 -0.539018 -1.020000
v 0.303843 -0.539018 0.980000
v 0.300000 -0.500000 -1.020000
v 0.300000 -0.500000 0.980000
v 0.303843 -0.460982 -1.020000
v 0.303843 -0.460982 0.980000
v 0.315224 -0.423463 -1.020000
v 0.315224 -0.423463 0.980000
v 0.333706 -0.388886 -1.020000
v 0.333706 -0.388886 0.980000
v 0.358579 -0.358579 -1.020000
v 0.358579 -0.358579 0.980000
v 0.388886 -0.333706 -1.020000
v 0.388886 -0.333706 0.980000
v 0.423463 -0.315224 -1.020000
v 0.423463 -0.315224 0.980000
v 0.460982 -0.303843 -1.020000
v 0.460982 -0.303843 0.980000
v 0.500000 -0.300000 -0.980000
v 0.500000 -0.300000 1.020000
v 0.539018 -0.303843 -0.980000
v 0.539018 -0.303843 1.020000
v 0.576537 -0.315224 -0.980000
v 0.576537 -0.315224 1.020000
v 0.611114 -0.333706 -0.980000
v 0.611114 -0.333706 1.020000
v 0.641421 -0.358579 -0.980000
v 0.641421 -0.358579 1.020000
v 0.666294 -0.388886 -0.980000
v 0.666294 -0.388886 1.020000
v 0.684776 -0.423463 -0.980000
v 0.684776 -0.423463 1.020000
v 0.696157 -0.460982 -0.980000
v 0.696157 -0.460982 1.020000
v 0.700000 -0.500000 -0.980000
v 0.700000 -0.500000 1.020000
v 0.696157 -0.539018 -0.980000
v 0.696157 -0.539018 1.020000
v 0.684776 -0.576537 -0.980000
v 0.684776 -0.576537 1.020000
v 0.666294 -0.611114 -0.980000
v 0.666294 -0.611114 1.020000
v 0.641421 -0.641421 -0.980000
v 0.641421 -0.641421 1.020000
v 0.611114 -0.666294 -0.980000
v 0.611114 -0.666294 1.020000
v 0.576537 -0.684776 -0.980000
v 0.576537 -0.684776 1.020000
v 0.539018 -0.696157 -0.980000
v 0.539018 -0.696157 1.020000
v 0.500000 -0.700000 -0.980000
v 0.500000 -0.700000 1.020000
v 0.460982 -0.696157 -0.980000
v 0.460982 -0.696157 1.020000
v 0.423463 -0.684776 -0.980000
v 0.423463 -0.684776 1.020000
v 0.388886 -0.666294 -0.980000
v 0.388886 -0.666294 1.020000
v 0.358579 -0.641421 -0.980000
v 0.358579 -0.641421 1.020000
v 0.333706 -0.611114 -0.980000
v 0.333706 -0.611114 1.020000
v 0.315224 -0.576537 -0.980000
v 0.315224 -0.576537 1.020000
v 0.303843 -0.539018 -0.980000
v 0.303843 -0.539018 1.020000
v 0.300000 -0.500000 -0.980000
v 0.300000 -0.500000 1.020000
v 0.303843 -0.460982 -0.980000
v 0.303843 -0.460982 1.020000
v 0.315224 -0.423463 -0.980000
v 0.315224 -0.423463 1.020000
v 0.333706 -0.388886 -0.980000
v 0.333706 -0.388886 1.020000
v 0.358579 -0.358579 -0.980000
v 0.358579 -0.358579 1.020000
v 0.388886 -0.333706 -0.980000
v 0.388886 -0.333706 1.020000
v 0.423463 -0.315224 -0.980000
v 0.423463 -0.315224 1.020000
v 0.460982 -0.303843 -0.980000
v 0.460982 -0.303843 1.020000
v -0.500000 0.700000 -0.980000
v -0.500000 0.700000 1.020000
v -0.460982 0.696157 -0.980000
v -0.460982 0.696157 1.020000
v -0.423463 0.684776 -0.980000
v -0.423463 0.684776 1.020000
v -0.388886 0.666294 -0.980000
v -0.388886 0.666294 1.020000
v -0.358579 0.641421 -0.980000
v -0.358579 0.641421 1.020000
v -0.333706 0.611114 -0.980000
v -0.333706 0.611114 1.020000
v -0.315224 0.576537 -0.980000
v -0.315224 0.576537 1.020000
v -0.303843 0.539018 -0.980000
v -0.303843 0.539018 1.020000
v -0.300000 0.500000 -0.980000
v -0.300000 0.500000 1.020000
v -0.303843 0.460982 -0.980000
v -0.303843 0.460982 1.020000
v -0.315224 0.423463 -0.980000
v -0.315224 0.423463 1.020000
v -0.333706 0.388886 -0.980000
v -0.333706 0.388886 1.020000
v -0.358579 0.358579 -0.980000
v -0.358579 0.358579 1.020000
v -0.388886 0.333706 -0.980000
v -0.388886 0.333706 1.020000
v -0.423463 0.315224 -0.980000
v -0.423463 0.315224 1.020000
v -0.460982 0.303843 -0.980000
v -0.460982 0.303843 1.020000
v -0.500000 0.300000 -0.980000
v -0.500000 0.300000 1.020000
v -0.539018 0.303843 -0.980000
v -0.539018 0.303843 1.020000
v -0.576537 0.315224 -0.980000
v -0.576537 0.315224 1.020000
v -0.611114 0.333706 -0.980000
v -0.611114 0.333706 1.020000
v -0.641421 0.358579 -0.980000
v -0.641421 0.358579 1.020000
v -0.666294 0.388886 -0.980000
v -0.666294 0.388886 1.020000
v -0.684776 0.423463 -0.980000
v -0.684776 0.423463 1.020000
v -0.696157 0.460982 -0.980000
v -0.696157 0.460982 1.020000
v -0.700000 0.500000 -0.980000
v -0.700000 0.500000 1.020000
v -0.696157 0.539018 -0.980000
v -0.696157 0.539018 1.020000
v -0.684776 0.576537 -0.980000
v -0.684776 0.576537 1.020000
v -0.666294 0.611114 -0.980000
v -0.666294 0.611114 1.020000
v -0.641421 0.641421 -0.980000
v -0.641421 0.641421 1.020000
v -0.611114 0.666294 -0.980000
v -0.611114 0.666294 1.020000
v -0.576537 0.684776 -0.980000
v -0.576537 0.684776 1.020000
v -0.539018 0.696157 -0.980000
v -0.539018 0.696157 1.020000
v 0.000000 -0.980000 -0.200000
v 0.000000 1.020000 -0.200000
v 0.039018 -0.980000 -0.196157
v 0.039018 1.020000 -0.196157
v 0.076537 -0.980000 -0.184776
v 0.076537 1.020000 -0.184776
v 0.111114 -0.980000 -0.166294
v 0.111114 1.020000 -0.166294
v 0.141421 -0.980000 -0.141421
v 0.141421 1.020000 -0.141421
v 0.166294 -0.980000 -0.111114
v 0.166294 1.020000 -0.111114
v 0.184776 -0.980000 -0.076537
v 0.184776 1.020000 -0.076537
v 0.196157 -0.980000 -0.039018
v 0.196157 1.020000 -0.039018
v 0.200000 -0.980000 0.000000
v 0.200000 1.020000 0.000000
v 0.196157 -0.980000 0.039018
v 0.196157 1.020000 0.039018
v 0.184776 -0.980000 0.076537
v 0.184776 1.020000 0.076537
v 0.166294 -0.980000 0.111114
v 0.166294 1.020000 0.111114
v 0.141421 -0.980000 0.141421
v 0.141421 1.020000 0.141421
v 0.111114 -0.980000 0.166294
v 0.111114 1.020000 0.166294
v 0.076537 -0.980000 0.184776
v 0.076537 1.020000 0.184776
v 0.039018 -0.980000 0.196157
v 0.039018 1.020000 0.196157
v 0.000000 -0.980000 0.200000
v 0.000000 1.020000 0.200000
v -0.039018 -0.980000 0.196157
v -0.039018 1.020000 0.196157
v -0.076537 -0.980000 0.184776
v -0.076537 1.020000 0.184776
v -0.111114 -0.980000 0.166294
v -0.111114 1.020000 0.166294
v -0.141421 -0.980000 0.141421
v -0.141421 1.020000 0.141421
v -0.166294 -0.980000 0.111114
v -0.166294 1.020000 0.111114
v -0.184776 -0.980000 0.076537
v -0.184776 1.020000 0.076537
v -0.196157 -0.980000 0.039018
v -0.196157 1.020000 0.039018
v -0.200000 -0.980000 0.000000
v -0.200000 1.020000 0.000000
v -0.196157 -0.980000 -0.039018
v -0.196157 1.020000 -0.039018
v -0.184776 -0.980000 -0.076537
v -0.184776 1.020000 -0.076537
v -0.166294 -0.980000 -0.111114
v -0.166294 1.020000 -0.111114
v -0.141421 -0.980000 -0.141421
v -0.141421 1.020000 -0.141421
v -0.111114 -0.980000 -0.166294
v -0.111114 1.020000 -0.166294
v -0.076537 -0.980000 -0.184776
v -0.076537 1.020000 -0.184776
v -0.039018 -0.980000 -0.196157
v -0.039018 1.020000 -0.196157
v -0.500000 -1.020000 0.300000
v -0.500000 0.980000 0.300000
v -0.460982 -1.020000 0.303843
v -0.460982 0.980000 0.303843
v -0.423463 -1.020000 0.315224
v -0.423463 0.980000 0.315224
v -0.388886 -1.020000 0.333706
v -0.388886 0.980000 0.333706
v -0.358579 -1.020000 0.358579
v -0.358579 0.980000 0.358579
v -0.333706 -1.020000 0.388886
v -0.333706 0.980000 0.388886
v -0.315224 -1.020000 0.423463
v -0.315224 0.980000 0.423463
v -0.303843 -1.020000 0.460982
v -0.303843 0.980000 0.460982
v -0.300000 -1.020000 0.500000
v -0.300000 0.980000 0.500000
v -0.303843 -1.020000 0.539018
v -0.303843 0.980000 0.539018
v -0.315224 -1.020000 0.576537
v -0.315224 0.980000 0.576537
v -0.333706 -1.020000 0.611114
v -0.333706 0.980000 0.611114
v -0.358579 -1.020000 0.641421
v -0.358579 0.980000 0.641421
v -0.388886 -1.020000 0.666294
v -0.388886 0.980000 0.666294
v -0.423463 -1.020000 0.684776
v -0.423463 0.980000 0.684776
v -0.460982 -1.020000 0.696157
v -0.460982 0.980000 0.696157
v -0.500000 -1.020000 0.700000
v -0.500000 0.980000 0.700000
v -0.539018 -1.020000 0.696157
v -0.539018 0.980000 0.696157
v -0.576537 -1.020000 0.684776
v -0.576537 0.980000 0.684776
v -0.611114 -1.020000 0.666294
v -0.611114 0.980000 0.666294
v -0.641421 -1.020000 0.641421
v -0.641421 0.980000 0.641421
v -0.666294 -1.020000 0.611114
v -0.666294 0.980000 0.611114
v -0.684776 -1.020000 0.576537
v -0.684776 0.980000 0.576537
v -0.696157 -1.020000 0.539018
v -0.696157 0.980000 0.539018
v -0.700000 -1.020000 0.500000
v -0.700000 0.980000 0.500000
v -0.696157 -1.020000 0.460982
v -0.696157 0.980000 0.460982
v -0.684776 -1.020000 0.423463
v -0.684776 0.980000 0.423463
v -0.666294 -1.020000 0.388886
v -0.666294 0.980000 0.388886
v -0.641421 -1.020000 0.358579
v -0.641421 0.980000 0.358579
v -0.611114 -1.020000 0.333706
v -0.611114 0.980000 0.333706
v -0.576537 -1.020000 0.315224
v -0.576537 0.980000 0.315224
v -0.539018 -1.020000 0.303843
v -0.539018 0.980000 0.303843
v -0.500000 -1.020000 -0.200000
v -0.500000 0.980000 -0.200000
v -0.460982 -1.020000 -0.196157
v -0.460982 0.980000 -0.196157
v -0.423463 -1.020000 -0.184776
v -0.423463 0.980000 -0.184776
v -0.388886 -1.020000 -0.166294
v -0.388886 0.980000 -0.166294
v -0.358579 -1.020000 -0.141421
v -0.358579 0.980000 -0.141421
v -0.333706 -1.020000 -0.111114
v -0.333706 0.980000 -0.111114
v -0.315224 -1.020000 -0.076537
v -0.315224 0.980000 -0.076537
v -0.303843 -1.020000 -0.039018
v -0.303843 0.980000 -0.039018
v -0.300000 -1.020000 0.000000
v -0.300000 0.980000 0.000000
v -0.303843 -1.020000 0.039018
v -0.303843 0.980000 0.039018
v -0.315224 -1.020000 0.076537
v -0.315224 0.980000 0.076537
v -0.333706 -1.020000 0.111114
v -0.333706 0.980000 0.111114
v -0.358579 -1.020000 0.141421
v -0.358579 0.980000 0.141421
v -0.388886 -1.020000 0.166294
v -0.388886 0.980000 0.166294
v -0.423463 -1.020000 0.184776
v -0.423463 0.980000 0.184776
v -0.460982 -1.020000 0.196157
v -0.460982 0.980000 0.196157
v -0.500000 -1.020000 0.200000
v -0.500000 0.980000 0.200000
v -0.539018 -1.020000 0.196157
v -0.539018 0.980000 0.196157
v -0.576537 -1.020000 0.184776
v -0.576537 0.980000 0.184776
v -0.611114 -1.020000 0.166294
v -0.611114 0.980000 0.166294
v -0.641421 -1.020000 0.141421
v -0.641421 0.980000 0.141421
v -0.666294 -1.020000 0.111114
v -0.666294 0.980000 0.111114
v -0.684776 -1.020000 0.076537
v -0.684776 0.980000 0.076537
v -0.696157 -1.020000 0.039018
v -0.696157 0.980000 0.039018
v -0.700000 -1.020000 0.000000
v -0.700000 0.980000 0.000000
v -0.696157 -1.020000 -0.039018
v -0.696157 0.980000 -0.039018
v -0.684776 -1.020000 -0.076537
v -0.684776 0.980000 -0.076537
v -0.666294 -1.020000 -0.111114
v -0.666294 0.980000 -0.111114
v -0.641421 -1.020000 -0.141421
v -0.641421 0.980000 -0.141421
v -0.611114 -1.020000 -0.166294
v -0.611114 0.980000 -0.166294
v -0.576537 -1.020000 -0.184776
v -0.576537 0.980000 -0.184776
v -0.539018 -1.020000 -0.196157
v -0.539018 0.980000 -0.196157
v -0.500000 -1.020000 -0.700000
v -0.500000 0.980000 -0.700000
v -0.460982 -1.020000 -0.696157
v -0.460982 0.980000 -0.696157
v -0.423463 -1.020000 -0.684776
v -0.423463 0.980000 -0.684776
v -0.388886 -1.020000 -0.666294
v -0.388886 0.980000 -0.666294
v -0.358579 -1.020000 -0.641421
v -0.358579 0.980000 -0.641421
v -0.333706 -1.020000 -0.611114
v -0.333706 0.980000 -0.611114
v -0.315224 -1.020000 -0.576537
v -0.315224 0.980000 -0.576537
v -0.303843 -1.020000 -0.539018
v -0.303843 0.980000 -0.539018
v -0.300000 -1.020000 -0.500000
v -0.300000 0.980000 -0.500000
v -0.303843 -1.020000 -0.460982
v -0.303843 0.980000 -0.460982
v -0.315224 -1.020000 -0.423463
v -0.315224 0.980000 -0.423463
v -0.333706 -1.020000 -0.388886
v -0.333706 0.980000 -0.388886
v -0.358579 -1.020000 -0.358579
v -0.358579 0.980000 -0.358579
v -0.388886 -1.020000 -0.333706
v -0.388886 0.980000 -0.333706
v -0.423463 -1.020000 -0.315224
v -0.423463 0.980000 -0.315224
v -0.460982 -1.020000 -0.303843
v -0.460982 0.980000 -0.303843
v -0.500000 -1.020000 -0.300000
v -0.500000 0.980000 -0.300000
v -0.539018 -1.020000 -0.303843
v -0.539018 0.980000 -0.303843
v -0.576537 -1.020000 -0.315224
v -0.576537 0.980000 -0.315224
v -0.611114 -1.020000 -0.333706
v -0.611114 0.980000 -0.333706
v -0.641421 -1.020000 -0.358579
v -0.641421 0.980000 -0.358579
v -0.666294 -1.020000 -0.388886
v -0.666294 0.980000 -0.388886
v -0.684776 -1.020000 -0.423463
v -0.684776 0.980000 -0.423463
v -0.696157 -1.020000 -0.460982
v -0.696157 0.980000 -0.460982
v -0.700000 -1.020000 -0.500000
v -0.700000 0.980000 -0.500000
v -0.696157 -1.020000 -0.539018
v -0.696157 0.980000 -0.539018
v -0.684776 -1.020000 -0.576537
v -0.684776 0.980000 -0.576537
v -0.666294 -1.020000 -0.611114
v -0.666294 0.980000 -0.611114
v -0.641421 -1.020000 -0.641421
v -0.641421 0.980000 -0.641421
v -0.611114 -1.020000 -0.666294
v -0.611114 0.980000 -0.666294
v -0.576537 -1.020000 -0.684776
v -0.576537 0.980000 -0.684776
v -0.539018 -1.020000 -0.696157
v -0.539018 0.980000 -0.696157
v 0.500000 -1.020000 -0.700000
v 0.500000 0.980000 -0.700000
v 0.539018 -1.020000 -0.696157
v 0.539018 0.980000 -0.696157
v 0.576537 -1.020000 -0.684776
v 0.576537 0.980000 -0.684776
v 0.611114 -1.020000 -0.666294
v 0.611114 0.980000 -0.666294
v 0.641421 -1.020000 -0.641421
v 0.641421 0.980000 -0.641421
v 0.666294 -1.020000 -0.611114
v 0.666294 0.980000 -0.611114
v 0.684776 -1.020000 -0.576537
v 0.684776 0.980000 -0.576537
v 0.696157 -1.020000 -0.539018
v 0.696157 0.980000 -0.539018
v 0.700000 -1.020000 -0.500000
v 0.700000 0.980000 -0.500000
v 0.696157 -1.020000 -0.460982
v 0.696157 0.980000 -0.460982
v 0.684776 -1.020000 -0.423463
v 0.684776 0.980000 -0.423463
v 0.666294 -1.020000 -0.388886
v 0.666294 0.980000 -0.388886
v 0.641421 -1.020000 -0.358579
v 0.641421 0.980000 -0.358579
v 0.611114 -1.020000 -0.333706
v 0.611114 0.980000 -0.333706
v 0.576537 -1.020000 -0.315224
v 0.576537 0.980000 -0.315224
v 0.539018 -1.020000 -0.303843
v 0.539018 0.980000 -0.303843
v 0.500000 -1.020000 -0.300000
v 0.500000 0.980000 -0.300000
v 0.460982 -1.020000 -0.303843
v 0.460982 0.980000 -0.303843
v 0.423463 -1.020000 -0.315224
v 0.423463 0.980000 -0.315224
v 0.388886 -1.020000 -0.333706
v 0.388886 0.980000 -0.333706
v 0.358579 -1.020000 -0.358579
v 0.358579 0.980000 -0.358579
v 0.333706 -1.020000 -0.388886
v 0.333706 0.980000 -0.388886
v 0.315224 -1.020000 -0.423463
v 0.315224 0.980000 -0.423463
v 0.303843 -1.020000 -0.460982
v 0.303843 0.980000 -0.460982
v 0.300000 -1.020000 -0.500000
v 0.300000 0.980000 -0.500000
v 0.303843 -1.020000 -0.539018
v 0.303843 0.980000 -0.539018
v 0.315224 -1.020000 -0.576537
v 0.315224 0.980000 -0.576537
v 0.333706 -1.020000 -0.611114
v 0.333706 0.980000 -0.611114
v 0.358579 -1.020000 -0.641421
v 0.358579 0.980000 -0.641421
v 0.388886 -1.020000 -0.666294
v 0.388886 0.980000 -0.666294
v 0.423463 -1.020000 -0.684776
v 0.423463 0.980000 -0.684776
v 0.460982 -1.020000 -0.696157
v 0.460982 0.980000 -0.696157
v 0.500000 -1.020000 0.300000
v 0.500000 0.980000 0.300000
v 0.539018 -1.020000 0.303843
v 0.539018 0.980000 0.303843
v 0.576537 -1.020000 0.315224
v 0.576537 0.980000 0.315224
v 0.611114 -1.020000 0.333706
v 0.611114 0.980000 0.333706
v 0.641421 -1.020000 0.358579
v 0.641421 0.980000 0.358579
v 0.666294 -1.020000 0.388886
v 0.666294 0.980000 0.388886
v 0.684776 -1.020000 0.423463
v 0.684776 0.980000 0.423463
v 0.696157 -1.020000 0.460982
v 0.696157 0.980000 0.460982
v 0.700000 -1.020000 0.500000
v 0.700000 0.980000 0.500000
v 0.696157 -1.020000 0.539018
v 0.696157 0.980000 0.539018
v 0.684776 -1.020000 0.576537
v 0.684776 0.980000 0.576537
v 0.666294 -1.020000 0.611114
v 0.666294 0.980000 0.611114
v 0.641421 -1.020000 0.641421
v 0.641421 0.980000 0.641421
v 0.611114 -1.020000 0.666294
v 0.611114 0.980000 0.666294
v 0.576537 -1.020000 0.684776
v 0.576537 0.980000 0.684776
v 0.539018 -1.020000 0.696157
v 0.539018 0.980000 0.696157
v 0.500000 -1.020000 0.700000
v 0.500000 0.980000 0.700000
v 0.460982 -1.020000 0.696157
v 0.460982 0.980000 0.696157
v 0.423463 -1.020000 0.684776
v 0.423463 0.980000 0.684776
v 0.388886 -1.020000 0.666294
v 0.388886 0.980000 0.666294
v 0.358579 -1.020000 0.641421
v 0.358579 0.980000 0.641421
v 0.333706 -1.020000 0.611114
v 0.333706 0.980000 0.611114
v 0.315224 -1.020000 0.576537
v 0.315224 0.980000 0.576537
v 0.303843 -1.020000 0.539018
v 0.303843 0.980000 0.539018
v 0.300000 -1.020000 0.500000
v 0.300000 0.980000 0.500000
v 0.303843 -1.020000 0.460982
v 0.303843 0.980000 0.460982
v 0.315224 -1.020000 0.423463
v 0.315224 0.980000 0.423463
v 0.333706 -1.020000 0.388886
v 0.333706 0.980000 0.388886
v 0.358579 -1.020000 0.358579
v 0.358579 0.980000 0.358579
v 0.388886 -1.020000 0.333706
v 0.388886 0.980000 0.333706
v 0.423463 -1.020000 0.315224
v 0.423463 0.980000 0.315224
v 0.460982 -1.020000 0.303843
v 0.460982 0.980000 0.303843
v 0.500000 -1.020000 -0.200000
v 0.500000 0.980000 -0.200000
v 0.539018 -1.020000 -0.196157
v 0.539018 0.980000 -0.196157
v 0.576537 -1.020000 -0.184776
v 0.576537 0.980000 -0.184776
v 0.611114 -1.020000 -0.166294
v 0.611114 0.980000 -0.166294
v 0.641421 -1.020000 -0.141421
v 0.641421 0.980000 -0.141421
v 0.666294 -1.020000 -0.111114
v 0.666294 0.980000 -0.111114
v 0.684776 -1.020000 -0.076537
v 0.684776 0.980000 -0.076537
v 0.696157 -1.020000 -0.039018
v 0.696157 0.980000 -0.039018
v 0.700000 -1.020000 0.000000
v 0.700000 0.980000 0.000000
v 0.696157 -1.020000 0.039018
v 0.696157 0.980000 0.039018
v 0.684776 -1.020000 0.076537
v 0.684776 0.980000 0.076537
v 0.666294 -1.020000 0.111114
v 0.666294 0.980000 0.111114
v 0.641421 -1.020000 0.141421
v 0.641421 0.980000 0.141421
v 0.611114 -1.020000 0.166294
v 0.611114 0.980000 0.166294
v 0.576537 -1.020000 0.184776
v 0.576537 0.980000 0.184776
v 0.539018 -1.020000 0.196157
v 0.539018 0.980000 0.196157
v 0.500000 -1.020000 0.200000
v 0.500000 0.980000 0.200000
v 0.460982 -1.020000 0.196157
v 0.460982 0.980000 0.196157
v 0.423463 -1.020000 0.184776
v 0.423463 0.980000 0.184776
v 0.388886 -1.020000 0.166294
v 0.388886 0.980000 0.166294
v 0.358579 -1.020000 0.141421
v 0.358579 0.980000 0.141421
v 0.333706 -1.020000 0.111114
v 0.333706 0.980000 0.111114
v 0.315224 -1.020000 0.076537
v 0.315224 0.980000 0.076537
v 0.303843 -1.020000 0.039018
v 0.303843 0.980000 0.039018
v 0.300000 -1.020000 0.000000
v 0.300000 0.980000 0.000000
v 0.303843 -1.020000 -0.039018
v 0.303843 0.980000 -0.039018
v 0.315224 -1.020000 -0.076537
v 0.315224 0.980000 -0.076537
v 0.333706 -1.020000 -0.111114
v 0.333706 0.980000 -0.111114
v 0.358579 -1.020000 -0.141421
v 0.358579 0.980000 -0.141421
v 0.388886 -1.020000 -0.166294
v 0.388886 0.980000 -0.166294
v 0.423463 -1.020000 -0.184776
v 0.423463 0.980000 -0.184776
v 0.460982 -1.020000 -0.196157
v 0.460982 0.980000 -0.196157
vt 1.000000 0.500000
vt 1.000000 1.000000
vt 0.968750 1.000000
vt 0.968750 0.500000
vt 0.937500 1.000000
vt 0.937500 0.500000
vt 0.906250 1.000000
vt 0.906250 0.500000
vt 0.875000 1.000000
vt 0.875000 0.500000
vt 0.843750 1.000000
vt 0.843750 0.500000
vt 0.812500 1.000000
vt 0.812500 0.500000
vt 0.781250 1.000000
vt 0.781250 0.500000
vt 0.750000 1.000000
vt 0.750000 0.500000
vt 0.718750 1.000000
vt 0.718750 0.500000
vt 0.687500 1.000000
vt 0.687500 0.500000
vt 0.656250 1.000000
vt 0.656250 0.500000
vt 0.625000 1.000000
vt 0.625000 0.500000
vt 0.593750 1.000000
vt 0.593750 0.500000
vt 0.562500 1.000000
vt 0.562500 0.500000
vt 0.531250 1.000000
vt 0.531250 0.500000
vt 0.500000 1.000000
vt 0.500000 0.500000
vt 0.468750 1.000000
vt 0.468750 0.500000
vt 0.437500 1.000000
vt 0.437500 0.500000
vt 0.406250 1.000000
vt 0.406250 0.500000
vt 0.375000 1.000000
vt 0.375000 0.500000
vt 0.343750 1.000000
vt 0.343750 0.500000
vt 0.312500 1.000000
vt 0.312500 0.500000
vt 0.281250 1.000000
vt 0.281250 0.500000
vt 0.250000 1.000000
vt 0.250000 0.500000
vt 0.218750 1.000000
vt 0.218750 0.500000
vt 0.187500 1.000000
vt 0.187500 0.500000
vt 0.156250 1.000000
vt 0.156250 0.500000
vt 0.125000 1.000000
vt 0.125000 0.500000
vt 0.093750 1.000000
vt 0.093750 0.500000
vt 0.062500 1.000000
vt 0.062500 0.500000
vt 0.296822 0.485388
vt 0.250000 0.490000
vt 0.203178 0.485388
vt 0.158156 0.471731
vt 0.116663 0.449553
vt 0.080294 0.419706
vt 0.050447 0.383337
vt 0.028269 0.341844
vt 0.014612 0.296822
vt 0.010000 0.250000
vt 0.014612 0.203178
vt 0.028269 0.158156
vt 0.050447 0.116663
vt 0.080294 0.080294
vt 0.116663 0.050447
vt 0.158156 0.028269
vt 0.203178 0.014612
vt 0.250000 0.010000
vt 0.296822 0.014612
vt 0.341844 0.028269
vt 0.383337 0.050447
vt 0.419706 0.080294
vt 0.449553 0.116663
vt 0.471731 0.158156
vt 0.485388 0.203178
vt 0.490000 0.250000
vt 0.485388 0.296822
vt 0.471731 0.341844
vt 0.449553 0.383337
vt 0.419706 0.419706
vt 0.383337 0.449553
vt 0.341844 0.471731
vt 0.031250 1.000000
vt 0.031250 0.500000
vt 0.000000 1.000000
vt 0.000000 0.500000
vt 0.750000 0.490000
vt 0.796822 0.485388
vt 0.841844 0.471731
vt 0.883337 0.449553
vt 0.919706 0.419706
vt 0.949553 0.383337
vt 0.971731 0.341844
vt 0.985388 0.296822
vt 0.990000 0.250000
vt 0.985388 0.203178
vt 0.971731 0.158156
vt 0.949553 0.116663
vt 0.919706 0.080294
vt 0.883337 0.050447
vt 0.841844 0.028269
vt 0.796822 0.014612
vt 0.750000 0.010000
vt 0.703178 0.014612
vt 0.658156 0.028269
vt 0.616663 0.050447
vt 0.580294 0.080294
vt 0.550447 0.116663
vt 0.528269 0.158156
vt 0.514612 0.203178
vt 0.510000 0.250000
vt 0.514612 0.296822
vt 0.528269 0.341844
vt 0.550447 0.383337
vt 0.580294 0.419706
vt 0.616663 0.449553
vt 0.658156 0.471731
vt 0.703178 0.485388
vt 1.000000 0.500000
vt 1.000000 1.000000
vt 0.968750 1.000000
vt 0.968750 0.500000
vt 0.937500 1.000000
vt 0.937500 0.500000
vt 0.906250 1.000000
vt 0.906250 0.500000
vt 0.875000 1.000000
vt 0.875000 0.500000
vt 0.843750 1.000000
vt 0.843750 0.500000
vt 0.812500 1.000000
vt 0.812500 0.500000
vt 0.781250 1.000000
vt 0.781250 0.500000
vt 0.750000 1.000000
vt 0.750000 0.500000
vt 0.718750 1.000000
vt 0.718750 0.500000
vt 0.687500 1.000000
vt 0.687500 0.500000
vt 0.656250 1.000000
vt 0.656250 0.500000
vt 0.625000 1.000000
vt 0.625000 0.500000
vt 0.593750 1.000000
vt 0.593750 0.500000
vt 0.562500 1.000000
vt 0.562500 0.500000
vt 0.531250 1.000000
vt 0.531250 0.500000
vt 0.500000 1.000000
vt 0.500000 0.500000
vt 0.468750 1.000000
vt 0.468750 0.500000
vt 0.437500 1.000000
vt 0.437500 0.500000
vt 0.406250 1.000000
vt 0.406250 0.500000
vt 0.375000 1.000000
vt 0.375000 0.500000
vt 0.343750 1.000000
vt 0.343750 0.500000
vt 0.312500 1.000000
vt 0.312500 0.500000
vt 0.281250 1.000000
vt 0.281250 0.500000
vt 0.250000 1.000000
vt 0.250000 0.500000
vt 0.218750 1.000000
vt 0.218750 0.500000
vt 0.187500 1.000000
vt 0.187500 0.500000
vt 0.156250 1.000000
vt 0.156250 0.500000
vt 0.125000 1.000000
vt 0.125000 0.500000
vt 0.093750 1.000000
vt 0.093750 0.500000
vt 0.062500 1.000000
vt 0.062500 0.500000
vt 0.296822 0.485388
vt 0.250000 0.490000
vt 0.203178 0.485388
vt 0.158156 0.471731
vt 0.116663 0.449553
vt 0.080294 0.419706
vt 0.050447 0.383337
vt 0.028269 0.341844
vt 0.014612 0.296822
vt 0.010000 0.250000
vt 0.014612 0.203178
vt 0.028269 0.158156
vt 0.050447 0.116663
vt 0.080294 0.080294
vt 0.116663 0.050447
vt 0.158156 0.028269
vt 0.203178 0.014612
vt 0.250000 0.010000
vt 0.296822 0.014612
vt 0.341844 0.028269
vt 0.383337 0.050447
vt 0.419706 0.080294
vt 0.449553 0.116663
vt 0.471731 0.158156
vt 0.485388 0.203178
vt 0.490000 0.250000
vt 0.485388 0.296822
vt 0.471731 0.341844
vt 0.449553 0.383337
vt 0.419706 0.419706
vt 0.383337 0.449553
vt 0.341844 0.471731
vt 0.031250 1.000000
vt 0.031250 0.500000
vt 0.000000 1.000000
vt 0.000000 0.500000
vt 0.750000 0.490000
vt 0.796822 0.485388
vt 0.841844 0.471731
vt 0.883337 0.449553
vt 0.919706 0.419706
vt 0.949553 0.383337
vt 0.971731 0.341844
vt 0.985388 0.296822
vt 0.990000 0.250000
vt 0.985388 0.203178
vt 0.971731 0.158156
vt 0.949553 0.116663
vt 0.919706 0.080294
vt 0.883337 0.050447
vt 0.841844 0.028269
vt 0.796822 0.014612
vt 0.750000 0.010000
vt 0.703178 0.014612
vt 0.658156 0.028269
vt 0.616663 0.050447
vt 0.580294 0.080294
vt 0.550447 0.116663
vt 0.528269 0.158156
vt 0.514612 0.203178
vt 0.510000 0.250000
vt 0.514612 0.296822
vt 0.528269 0.341844
vt 0.550447 0.383337
vt 0.580294 0.419706
vt 0.616663 0.449553
vt 0.658156 0.471731
vt 0.703178 0.485388
vt 1.000000 0.500000
vt 1.000000 1.000000
vt 0.968750 1.000000
vt 0.968750 0.500000
vt 0.937500 1.000000
vt 0.937500 0.500000
vt 0.906250 1.000000
vt 0.906250 0.500000
vt 0.875000 1.000000
vt 0.875000 0.500000
vt 0.843750 1.000000
vt 0.843750 0.500000
vt 0.812500 1.000000
vt 0.812500 0.500000
vt 0.781250 1.000000
vt 0.781250 0.500000
vt 0.750000 1.000000
vt 0.750000 0.500000
vt 0.718750 1.000000
vt 0.718750 0.500000
vt 0.687500 1.000000
vt 0.687500 0.500000
vt 0.656250 1.000000
vt 0.656250 0.500000
vt 0.625000 1.000000
vt 0.625000 0.500000
vt 0.593750 1.000000
vt 0.593750 0.500000
vt 0.562500 1.000000
vt 0.562500 0.500000
vt 0.531250 1.000000
vt 0.531250 0.500000
vt 0.500000 1.000000
vt 0.500000 0.500000
vt 0.468750 1.000000
vt 0.468750 0.500000
vt 0.437500 1.000000
vt 0.437500 0.500000
vt 0.406250 1.000000
vt 0.406250 0.500000
vt 0.375000 1.000000
vt 0.375000 0.500000
vt 0.343750 1.000000
vt 0.343750 0.500000
vt 0.312500 1.000000
vt 0.312500 0.500000
vt 0.281250 1.000000
vt 0.281250 0.500000
vt 0.250000 1.000000
vt 0.250000 0.500000
vt 0.218750 1.000000
vt 0.218750 0.500000
vt 0.187500 1.000000
vt 0.187500 0.500000
vt 0.156250 1.000000
vt 0.156250 0.500000
vt 0.125000 1.000000
vt 0.125000 0.500000
vt 0.093750 1.000000
vt 0.093750 0.500000
vt 0.062500 1.000000
vt 0.062500 0.500000
vt 0.296822 0.485388
vt 0.250000 0.490000
vt 0.203178 0.485388
vt 0.158156 0.471731
vt 0.116663 0.449553
vt 0.080294 0.419706
vt 0.050447 0.383337
vt 0.028269 0.341844
vt 0.014612 0.296822
vt 0.010000 0.250000
vt 0.014612 0.203178
vt 0.028269 0.158156
vt 0.050447 0.116663
vt 0.080294 0.080294
vt 0.116663 0.050447
vt 0.158156 0.028269
vt 0.203178 0.014612
vt 0.250000 0.010000
vt 0.296822 0.014612
vt 0.341844 0.028269
vt 0.383337 0.050447
vt 0.419706 0.080294
vt 0.449553 0.116663
vt 0.471731 0.158156
vt 0.485388 0.203178
vt 0.490000 0.250000
vt 0.485388 0.296822
vt 0.471731 0.341844
vt 0.449553 0.383337
vt 0.419706 0.419706
vt 0.383337 0.449553
vt 0.341844 0.471731
vt 0.031250 1.000000
vt 0.031250 0.500000
vt 0.000000 1.000000
vt 0.000000 0.500000
vt 0.750000 0.490000
vt 0.796822 0.485388
vt 0.841844 0.471731
vt 0.883337 0.449553
vt 0.919706 0.419706
vt 0.949553 0.383337
vt 0.971731 0.341844
vt 0.985388 0.296822
vt 0.990000 0.250000
vt 0.985388 0.203178
vt 0.971731 0.158156
vt 0.949553 0.116663
vt 0.919706 0.080294
vt 0.883337 0.050447
vt 0.841844 0.028269
vt 0.796822 0.014612
vt 0.750000 0.010000
vt 0.703178 0.014612
vt 0.658156 0.028269
vt 0.616663 0.050447
vt 0.580294 0.080294
vt 0.550447 0.116663
vt 0.528269 0.158156
vt 0.514612 0.203178
vt 0.510000 0.250000
vt 0.514612 0.296822
vt 0.528269 0.341844
vt 0.550447 0.383337
vt 0.580294 0.419706
vt 0.616663 0.449553
vt 0.658156 0.471731
vt 0.703178 0.485388
vt 1.000000 0.500000
vt 1.000000 1.000000
vt 0.968750 1.000000
vt 0.968750 0.500000
vt 0.937500 1.000000
vt 0.937500 0.500000
vt 0.906250 1.000000
vt 0.906250 0.500000
vt 0.875000 1.000000
vt 0.875000 0.500000
vt 0.843750 1.000000
vt 0.843750 0.500000
vt 0.812500 1.000000
vt 0.812500 0.500000
vt 0.781250 1.000000
vt 0.781250 0.500000
vt 0.750000 1.000000
vt 0.750000 0.500000
vt 0.718750 1.000000
vt 0.718750 0.500000
vt 0.687500 1.000000
vt 0.687500 0.500000
vt 0.656250 1.000000
vt 0.656250 0.500000
vt 0.625000 1.000000
vt 0.625000 0.500000
vt 0.593750 1.000000
vt 0.593750 0.500000
vt 0.562500 1.000000
vt 0.562500 0.500000
vt 0.531250 1.000000
vt 0.531250 0.500000
vt 0.500000 1.000000
vt 0.500000 0.500000
vt 0.468750 1.000000
vt 0.468750 0.500000
vt 0.437500 1.000000
vt 0.437500 0.500000
vt 0.406250 1.000000
vt 0.406250 0.500000
vt 0.375000 1.000000
vt 0.375000 0.500000
vt 0.343750 1.000000
vt 0.343750 0.500000
vt 0.312500 1.000000
vt 0.312500 0.500000
vt 0.281250 1.000000
vt 0.281250 0.500000
vt 0.250000 1.000000
vt 0.250000 0.500000
vt 0.218750 1.000000
vt 0.218750 0.500000
vt 0.187500 1.000000
vt 0.187500 0.500000
vt 0.156250 1.000000
vt 0.156250 0.500000
vt 0.125000 1.000000
vt 0.125000 0.500000
vt 0.093750 1.000000
vt 0.093750 0.500000
vt 0.062500 1.000000
vt 0.062500 0.500000
vt 0.296822 0.485388
vt 0.250000 0.490000
vt 0.203178 0.485388
vt 0.158156 0.471731
vt 0.116663 0.449553
vt 0.080294 0.419706
vt 0.050447 0.383337
vt 0.028269 0.341844
vt 0.014612 0.296822
vt 0.010000 0.250000
vt 0.014612 0.203178
vt 0.028269 0.158156
vt 0.050447 0.116663
vt 0.080294 0.080294
vt 0.116663 0.050447
vt 0.158156 0.028269
vt 0.203178 0.014612
vt 0.250000 0.010000
vt 0.296822 0.014612
vt 0.341844 0.028269
vt 0.383337 0.050447
vt 0.419706 0.080294
vt 0.449553 0.116663
vt 0.471731 0.158156
vt 0.485388 0.203178
vt 0.490000 0.250000
vt 0.485388 0.296822
vt 0.471731 0.341844
vt 0.449553 0.383337
vt 0.419706 0.419706
vt 0.383337 0.449553
vt 0.341844 0.471731
vt 0.031250 1.000000
vt 0.031250 0.500000
vt 0.000000 1.000000
vt 0.000000 0.500000
vt 0.750000 0.490000
vt 0.796822 0.485388
vt 0.841844 0.471731
vt 0.883337 0.449553
vt 0.919706 0.419706
vt 0.949553 0.383337
vt 0.971731 0.341844
vt 0.985388 0.296822
vt 0.990000 0.250000
vt 0.985388 0.203178
vt 0.971731 0.158156
vt 0.949553 0.116663
vt 0.919706 0.080294
vt 0.883337 0.050447
vt 0.841844 0.028269
vt 0.796822 0.014612
vt 0.750000 0.010000
vt 0.703178 0.014612
vt 0.658156 0.028269
vt 0.616663 0.050447
vt 0.580294 0.080294
vt 0.550447 0.116663
vt 0.528269 0.158156
vt 0.514612 0.203178
vt 0.510000 0.250000
vt 0.514612 0.296822
vt 0.528269 0.341844
vt 0.550447 0.383337
vt 0.580294 0.419706
vt 0.616663 0.449553
vt 0.658156 0.471731
vt 0.703178 0.485388
vt 1.000000 0.500000
vt 1.000000 1.000000
vt 0.968750 1.000000
vt 0.968750 0.500000
vt 0.937500 1.000000
vt 0.937500 0.500000
vt 0.906250 1.000000
vt 0.906250 0.500000
vt 0.875000 1.000000
vt 0.875000 0.500000
vt 0.843750 1.000000
vt 0.843750 0.500000
vt 0.812500 1.000000
vt 0.812500 0.500000
vt 0.781250 1.000000
vt 0.781250 0.500000
vt 0.750000 1.000000
vt 0.750000 0.500000
vt 0.718750 1.000000
vt 0.718750 0.500000
vt 0.687500 1.000000
vt 0.687500 0.500000
vt 0.656250 1.000000
vt 0.656250 0.500000
vt 0.625000 1.000000
vt 0.625000 0.500000
vt 0.593750 1.000000
vt 0.593750 0.500000
vt 0.562500 1.000000
vt 0.562500 0.500000
vt 0.531250 1.000000
vt 0.531250 0.500000
vt 0.500000 1.000000
vt 0.500000 0.500000
vt 0.468750 1.000000
vt 0.468750 0.500000
vt 0.437500 1.000000
vt 0.437500 0.500000
vt 0.406250 1.000000
vt 0.406250 0.500000
vt 0.375000 1.000000
vt 0.375000 0.500000
vt 0.343750 1.000000
vt 0.343750 0.500000
vt 0.312500 1.000000
vt 0.312500 0.500000
vt 0.281250 1.000000
vt 0.281250 0.500000
vt 0.250000 1.000000
vt 0.250000 0.500000
vt 0.218750 1.000000
vt 0.218750 0.500000
vt 0.187500 1.000000
vt 0.187500 0.500000
vt 0.156250 1.000000
vt 0.156250 0.500000
vt 0.125000 1.000000
vt 0.125000 0.500000
vt 0.093750 1.000000
vt 0.093750 0.500000
vt 0.062500 1.000000
vt 0.062500 0.500000
vt 0.296822 0.485388
vt 0.250000 0.490000
vt 0.203178 0.485388
vt 0.158156 0.471731
vt 0.116663 0.449553
vt 0.080294 0.419706
vt 0.050447 0.383337
vt 0.028269 0.341844
vt 0.014612 0.296822
vt 0.010000 0.250000
vt 0.014612 0.203178
vt 0.028269 0.158156
vt 0.050447 0.116663
vt 0.080294 0.080294
vt 0.116663 0.050447
vt 0.158156 0.028269
vt 0.203178 0.014612
vt 0.250000 0.010000
vt 0.296822 0.014612
vt 0.341844 0.028269
vt 0.383337 0.050447
vt 0.419706 0.080294
vt 0.449553 0.116663
vt 0.471731 0.158156
vt 0.485388 0.203178
vt 0.490000 0.250000
vt 0.485388 0.296822
vt 0.471731 0.341844
vt 0.449553 0.383337
vt 0.419706 0.419706
vt 0.383337 0.449553
vt 0.341844 0.471731
vt 0.031250 1.000000
vt 0.031250 0.500000
vt 0.000000 1.000000
vt 0.000000 0.500000
vt 0.750000 0.490000
vt 0.796822 0.485388
vt 0.841844 0.471731
vt 0.883337 0.449553
vt 0.919706 0.419706
vt 0.949553 0.383337
vt 0.971731 0.341844
vt 0.985388 0.296822
vt 0.990000 0.250000
vt 0.985388 0.203178
vt 0.971731 0.158156
vt 0.949553 0.116663
vt 0.919706 0.080294
vt 0.883337 0.050447
vt 0.841844 0.028269
vt 0.796822 0.014612
vt 0.750000 0.010000
vt 0.703178 0.014612
vt 0.658156 0.028269
vt 0.616663 0.050447
vt 0.580294 0.080294
vt 0.550447 0.116663
vt 0.528269 0.158156
vt 0.514612 0.203178
vt 0.510000 0.250000
vt 0.514612 0.296822
vt 0.528269 0.341844
vt 0.550447 0.383337
vt 0.580294 0.419706
vt 0.616663 0.449553
vt 0.658156 0.471731
vt 0.703178 0.485388
vt 1.000000 0.500000
vt 1.000000 1.000000
vt 0.968750 1.000000
vt 0.968750 0.500000
vt 0.937500 1.000000
vt 0.937500 0.500000
vt 0.906250 1.000000
vt 0.906250 0.500000
vt 0.875000 1.000000
vt 0.875000 0.500000
vt 0.843750 1.000000
vt 0.843750 0.500000
vt 0.812500 1.000000
vt 0.812500 0.500000
vt 0.781250 1.000000
vt 0.781250 0.500000
vt 0.750000 1.000000
vt 0.750000 0.500000
vt 0.718750 1.000000
vt 0.718750 0.500000
vt 0.687500 1.000000
vt 0.687500 0.500000
vt 0.656250 1.000000
vt 0.656250 0.500000
vt 0.625000 1.000000
vt 0.625000 0.500000
vt 0.593750 1.000000
vt 0.593750 0.500000
vt 0.562500 1.000000
vt 0.562500 0.500000
vt 0.531250 1.000000
vt 0.531250 0.500000
vt 0.500000 1.000000
vt 0.500000 0.500000
vt 0.468750 1.000000
vt 0.468750 0.500000
vt 0.437500 1.000000
vt 0.437500 0.500000
vt 0.406250 1.000000
vt 0.406250 0.500000
vt 0.375000 1.000000
vt 0.375000 0.500000
vt 0.343750 1.000000
vt 0.343750 0.500000
vt 0.312500 1.000000
vt 0.312500 0.500000
vt 0.281250 1.000000
vt 0.281250 0.500000
vt 0.250000 1.000000
vt 0.250000 0.500000
vt 0.218750 1.000000
vt 0.218750 0.500000
vt 0.187500 1.000000
vt 0.187500 0.500000
vt 0.156250 1.000000
vt 0.156250 0.500000
vt 0.125000 1.000000
vt 0.125000 0.500000
vt 0.093750 1.000000
vt 0.093750 0.500000
vt 0.062500 1.000000
vt 0.062500 0.500000
vt 0.296822 0.485388
vt 0.250000 0.490000
vt 0.203178 0.485388
vt 0.158156 0.471731
vt 0.116663 0.449553
vt 0.080294 0.419706
vt 0.050447 0.383337
vt 0.028269 0.341844
vt 0.014612 0.296822
vt 0.010000 0.250000
vt 0.014612 0.203178
vt 0.028269 0.158156
vt 0.050447 0.116663
vt 0.080294 0.080294
vt 0.116663 0.050447
vt 0.158156 0.028269
vt 0.203178 0.014612
vt 0.250000 0.010000
vt 0.296822 0.014612
vt 0.341844 0.028269
vt 0.383337 0.050447
vt 0.419706 0.080294
vt 0.449553 0.116663
vt 0.471731 0.158156
vt 0.485388 0.203178
vt 0.490000 0.250000
vt 0.485388 0.296822
vt 0.471731 0.341844
vt 0.449553 0.383337
vt 0.419706 0.419706
vt 0.383337 0.449553
vt 0.341844 0.471731
vt 0.031250 1.000000
vt 0.031250 0.500000
vt 0.000000 1.000000
vt 0.000000 0.500000
vt 0.750000 0.490000
vt 0.796822 0.485388
vt 0.841844 0.471731
vt 0.883337 0.449553
vt 0.919706 0.419706
vt 0.949553 0.383337
vt 0.971731 0.341844
vt 0.985388 0.296822
vt 0.990000 0.250000
vt 0.985388 0.203178
vt 0.971731 0.158156
vt 0.949553 0.116663
vt 0.919706 0.080294
vt 0.883337 0.050447
vt 0.841844 0.028269
vt 0.796822 0.014612
vt 0.750000 0.010000
vt 0.703178 0.014612
vt 0.658156 0.028269
vt 0.616663 0.050447
vt 0.580294 0.080294
vt 0.550447 0.116663
vt 0.528269 0.158156
vt 0.514612 0.203178
vt 0.510000 0.250000
vt 0.514612 0.296822
vt 0.528269 0.341844
vt 0.550447 0.383337
vt 0.580294 0.419706
vt 0.616663 0.449553
vt 0.658156 0.471731
vt 0.703178 0.485388
vt 1.000000 0.500000
vt 1.000000 1.000000
vt 0.968750 1.000000
vt 0.968750 0.500000
vt 0.937500 1.000000
vt 0.937500 0.500000
vt 0.906250 1.000000
vt 0.906250 0.500000
vt 0.875000 1.000000
vt 0.875000 0.500000
vt 0.843750 1.000000
vt 0.843750 0.500000
vt 0.812500 1.000000
vt 0.812500 0.500000
vt 0.781250 1.000000
vt 0.781250 0.500000
vt 0.750000 1.000000
vt 0.750000 0.500000
vt 0.718750 1.000000
vt 0.718750 0.500000
vt 0.687500 1.000000
vt 0.687500 0.500000
vt 0.656250 1.000000
vt 0.656250 0.500000
vt 0.625000 1.000000
vt 0.625000 0.500000
vt 0.593750 1.000000
vt 0.593750 0.500000
vt 0.562500 1.000000
vt 0.562500 0.500000
vt 0.531250 1.000000
vt 0.531250 0.500000
vt 0.500000 1.000000
vt 0.500000 0.500000
vt 0.468750 1.000000
vt 0.468750 0.500000
vt 0.437500 1.000000
vt 0.437500 0.500000
vt 0.406250 1.000000
vt 0.406250 0.500000
vt 0.375000 1.000000
vt 0.375000 0.500000
vt 0.343750 1.000000
vt 0.343750 0.500000
vt 0.312500 1.000000
vt 0.312500 0.500000
vt 0.281250 1.000000
vt 0.281250 0.500000
vt 0.250000 1.000000
vt 0.250000 0.500000
vt 0.218750 1.000000
vt 0.218750 0.500000
vt 0.187500 1.000000
vt 0.187500 0.500000
vt 0.156250 1.000000
vt 0.156250 0.500000
vt 0.125000 1.000000
vt 0.125000 0.500000
vt 0.093750 1.000000
vt 0.093750 0.500000
vt 0.062500 1.000000
vt 0.062500 0.500000
vt 0.296822 0.485388
vt 0.250000 0.490000
vt 0.203178 0.485388
vt 0.158156 0.471731
vt 0.116663 0.449553
vt 0.080294 0.419706
vt 0.050447 0.383337
vt 0.028269 0.341844
vt 0.014612 0.296822
vt 0.010000 0.250000
vt 0.014612 0.203178
vt 0.028269 0.158156
vt 0.050447 0.116663
vt 0.080294 0.080294
vt 0.116663 0.050447
vt 0.158156 0.028269
vt 0.203178 0.014612
vt 0.250000 0.010000
vt 0.296822 0.014612
vt 0.341844 0.028269
vt 0.383337 0.050447
vt 0.419706 0.080294
vt 0.449553 0.116663
vt 0.471731 0.158156
vt 0.485388 0.203178
vt 0.490000 0.250000
vt 0.485388 0.296822
vt 0.471731 0.341844
vt 0.449553 0.383337
vt 0.419706 0.419706
vt 0.383337 0.449553
vt 0.341844 0.471731
vt 0.031250 1.000000
vt 0.031250 0.500000
vt 0.000000 1.000000
vt 0.000000 0.500000
vt 0.750000 0.490000
vt 0.796822 0.485388
vt 0.841844 0.471731
vt 0.883337 0.449553
vt 0.919706 0.419706
vt 0.949553 0.383337
vt 0.971731 0.341844
vt 0.985388 0.296822
vt 0.990000 0.250000
vt 0.985388 0.203178
vt 0.971731 0.158156
vt 0.949553 0.116663
vt 0.919706 0.080294
vt 0.883337 0.050447
vt 0.841844 0.028269
vt 0.796822 0.014612
vt 0.750000 0.010000
vt 0.703178 0.014612
vt 0.658156 0.028269
vt 0.616663 0.050447
vt 0.580294 0.080294
vt 0.550447 0.116663
vt 0.528269 0.158156
vt 0.514612 0.203178
vt 0.510000 0.250000
vt 0.514612 0.296822
vt 0.528269 0.341844
vt 0.550447 0.383337
vt 0.580294 0.419706
vt 0.616663 0.449553
vt 0.658156 0.471731
vt 0.703178 0.485388
vt 1.000000 0.500000
vt 1.000000 1.000000
vt 0.968750 1.000000
vt 0.968750 0.500000
vt 0.937500 1.000000
vt 0.937500 0.500000
vt 0.906250 1.000000
vt 0.906250 0.500000
vt 0.875000 1.000000
vt 0.875000 0.500000
vt 0.843750 1.000000
vt 0.843750 0.500000
vt 0.812500 1.000000
vt 0.812500 0.500000
vt 0.781250 1.000000
vt 0.781250 0.500000
vt 0.750000 1.000000
vt 0.750000 0.500000
vt 0.718750 1.000000
vt 0.718750 0.500000
vt 0.687500 1.000000
vt 0.687500 0.500000
vt 0.656250 1.000000
vt 0.656250 0.500000
vt 0.625000 1.000000
vt 0.625000 0.500000
vt 0.593750 1.000000
vt 0.593750 0.500000
vt 0.562500 1.000000
vt 0.562500 0.500000
vt 0.531250 1.000000
vt 0.531250 0.500000
vt 0.500000 1.000000
vt 0.500000 0.500000
vt 0.468750 1.000000
vt 0.468750 0.500000
vt 0.437500 1.000000
vt 0.437500 0.500000
vt 0.406250 1.000000
vt 0.406250 0.500000
vt 0.375000 1.000000
vt 0.375000 0.500000
vt 0.343750 1.000000
vt 0.343750 0.500000
vt 0.312500 1.000000
vt 0.312500 0.500000
vt 0.281250 1.000000
vt 0.281250 0.500000
vt 0.250000 1.000000
vt 0.250000 0.500000
vt 0.218750 1.000000
vt 0.218750 0.500000
vt 0.187500 1.000000
vt 0.187500 0.500000
vt 0.156250 1.000000
vt 0.156250 0.500000
vt 0.125000 1.000000
vt 0.125000 0.500000
vt 0.093750 1.000000
vt 0.093750 0.500000
vt 0.062500 1.000000
vt 0.062500 0.500000
vt 0.296822 0.485388
vt 0.250000 0.490000
vt 0.203178 0.485388
vt 0.158156 0.471731
vt 0.116663 0.449553
vt 0.080294 0.419706
vt 0.050447 0.383337
vt 0.028269 0.341844
vt 0.014612 0.296822
vt 0.010000 0.250000
vt 0.014612 0.203178
vt 0.028269 0.158156
vt 0.050447 0.116663
vt 0.080294 0.080294
vt 0.116663 0.050447
vt 0.158156 0.028269
vt 0.203178 0.014612
vt 0.250000 0.010000
vt 0.296822 0.014612
vt 0.341844 0.028269
vt 0.383337 0.050447
vt 0.419706 0.080294
vt 0.449553 0.116663
vt 0.471731 0.158156
vt 0.485388 0.203178
vt 0.490000 0.250000
vt 0.485388 0.296822
vt 0.471731 0.341844
vt 0.449553 0.383337
vt 0.419706 0.419706
vt 0.383337 0.449553
vt 0.341844 0.471731
vt 0.031250 1.000000
vt 0.031250 0.500000
vt 0.000000 1.000000
vt 0.000000 0.500000
vt 0.750000 0.490000
vt 0.796822 0.485388
vt 0.841844 0.471731
vt 0.883337 0.449553
vt 0.919706 0.419706
vt 0.949553 0.383337
vt 0.971731 0.341844
vt 0.985388 0.296822
vt 0.990000 0.250000
vt 0.985388 0.203178
vt 0.971731 0.158156
vt 0.949553 0.116663
vt 0.919706 0.080294
vt 0.883337 0.050447
vt 0.841844 0.028269
vt 0.796822 0.014612
vt 0.750000 0.010000
vt 0.703178 0.014612
vt 0.658156 0.028269
vt 0.616663 0.050447
vt 0.580294 0.080294
vt 0.550447 0.116663
vt 0.528269 0.158156
vt 0.514612 0.203178
vt 0.510000 0.250000
vt 0.514612 0.296822
vt 0.528269 0.341844
vt 0.550447 0.383337
vt 0.580294 0.419706
vt 0.616663 0.449553
vt 0.658156 0.471731
vt 0.703178 0.485388
vt 1.000000 0.500000
vt 1.000000 1.000000
vt 0.968750 1.000000
vt 0.968750 0.500000
vt 0.937500 1.000000
vt 0.937500 0.500000
vt 0.906250 1.000000
vt 0.906250 0.500000
vt 0.875000 1.000000
vt 0.875000 0.500000
vt 0.843750 1.000000
vt 0.843750 0.500000
vt 0.812500 1.000000
vt 0.812500 0.500000
vt 0.781250 1.000000
vt 0.781250 0.500000
vt 0.750000 1.000000
vt 0.750000 0.500000
vt 0.718750 1.000000
vt 0.718750 0.500000
vt 0.687500 1.000000
vt 0.687500 0.500000
vt 0.656250 1.000000
vt 0.656250 0.500000
vt 0.625000 1.000000
vt 0.625000 0.500000
vt 0.593750 1.000000
vt 0.593750 0.500000
vt 0.562500 1.000000
vt 0.562500 0.500000
vt 0.531250 1.000000
vt 0.531250 0.500000
vt 0.500000 1.000000
vt 0.500000 0.500000
vt 0.468750 1.000000
vt 0.468750 0.500000
vt 0.437500 1.000000
vt 0.437500 0.500000
vt 0.406250 1.000000
vt 0.406250 0.500000
vt 0.375000 1.000000
vt 0.375000 0.500000
vt 0.343750 1.000000
vt 0.343750 0.500000
vt 0.312500 1.000000
vt 0.312500 0.500000
vt 0.281250 1.000000
vt 0.281250 0.500000
vt 0.250000 1.000000
vt 0.250000 0.500000
vt 0.218750 1.000000
vt 0.218750 0.500000
vt 0.187500 1.000000
vt 0.187500 0.500000
vt 0.156250 1.000000
vt 0.156250 0.500000
vt 0.125000 1.000000
vt 0.125000 0.500000
vt 0.093750 1.000000
vt 0.093750 0.500000
vt 0.062500 1.000000
vt 0.062500 0.500000
vt 0.296822 0.485388
vt 0.250000 0.490000
vt 0.203178 0.485388
vt 0.158156 0.471731
vt 0.116663 0.449553
vt 0.080294 0.419706
vt 0.050447 0.383337
vt 0.028269 0.341844
vt 0.014612 0.296822
vt 0.010000 0.250000
vt 0.014612 0.203178
vt 0.028269 0.158156
vt 0.050447 0.116663
vt 0.080294 0.080294
vt 0.116663 0.050447
vt 0.158156 0.028269
vt 0.203178 0.014612
vt 0.250000 0.010000
vt 0.296822 0.014612
vt 0.341844 0.028269
vt 0.383337 0.050447
vt 0.419706 0.080294
vt 0.449553 0.116663
vt 0.471731 0.158156
vt 0.485388 0.203178
vt 0.490000 0.250000
vt 0.485388 0.296822
vt 0.471731 0.341844
vt 0.449553 0.383337
vt 0.419706 0.419706
vt 0.383337 0.449553
vt 0.341844 0.471731
vt 0.031250 1.000000
vt 0.031250 0.500000
vt 0.000000 1.000000
vt 0.000000 0.500000
vt 0.750000 0.490000
vt 0.796822 0.485388
vt 0.841844 0.471731
vt 0.883337 0.449553
vt 0.919706 0.419706
vt 0.949553 0.383337
vt 0.971731 0.341844
vt 0.985388 0.296822
vt 0.990000 0.250000
vt 0.985388 0.203178
vt 0.971731 0.158156
vt 0.949553 0.116663
vt 0.919706 0.080294
vt 0.883337 0.050447
vt 0.841844 0.028269
vt 0.796822 0.014612
vt 0.750000 0.010000
vt 0.703178 0.014612
vt 0.658156 0.028269
vt 0.616663 0.050447
vt 0.580294 0.080294
vt 0.550447 0.116663
vt 0.528269 0.158156
vt 0.514612 0.203178
vt 0.510000 0.250000
vt 0.514612 0.296822
vt 0.528269 0.341844
vt 0.550447 0.383337
vt 0.580294 0.419706
vt 0.616663 0.449553
vt 0.658156 0.471731
vt 0.703178 0.485388
vt 1.000000 0.500000
vt 1.000000 1.000000
vt 0.968750 1.000000
vt 0.968750 0.500000
vt 0.937500 1.000000
vt 0.937500 0.500000
vt 0.906250 1.000000
vt 0.906250 0.500000
vt 0.875000 1.000000
vt 0.875000 0.500000
vt 0.843750 1.000000
vt 0.843750 0.500000
vt 0.812500 1.000000
vt 0.812500 0.500000
vt 0.781250 1.000000
vt 0.781250 0.500000
vt 0.750000 1.000000
vt 0.750000 0.500000
vt 0.718750 1.000000
vt 0.718750 0.500000
vt 0.687500 1.000000
vt 0.687500 0.500000
vt 0.656250 1.000000
vt 0.656250 0.500000
vt 0.625000 1.000000
vt 0.625000 0.500000
vt 0.593750 1.000000
vt 0.593750 0.500000
vt 0.562500 1.000000
vt 0.562500 0.500000
vt 0.531250 1.000000
vt 0.531250 0.500000
vt 0.500000 1.000000
vt 0.500000 0.500000
vt 0.468750 1.000000
vt 0.468750 0.500000
vt 0.437500 1.000000
vt 0.437500 0.500000
vt 0.406250 1.000000
vt 0.406250 0.500000
vt 0.375000 1.000000
vt 0.375000 0.500000
vt 0.343750 1.000000
vt 0.343750 0.500000
vt 0.312500 1.000000
vt 0.312500 0.500000
vt 0.281250 1.000000
vt 0.281250 0.500000
vt 0.250000 1.000000
vt 0.250000 0.500000
vt 0.218750 1.000000
vt 0.218750 0.500000
vt 0.187500 1.000000
vt 0.187500 0.500000
vt 0.156250 1.000000
vt 0.156250 0.500000
vt 0.125000 1.000000
vt 0.125000 0.500000
vt 0.093750 1.000000
vt 0.093750 0.500000
vt 0.062500 1.000000
vt 0.062500 0.500000
vt 0.296822 0.485388
vt 0.250000 0.490000
vt 0.203178 0.485388
vt 0.158156 0.471731
vt 0.116663 0.449553
vt 0.080294 0.419706
vt 0.050447 0.383337
vt 0.028269 0.341844
vt 0.014612 0.296822
vt 0.010000 0.250000
vt 0.014612 0.203178
vt 0.028269 0.158156
vt 0.050447 0.116663
vt 0.080294 0.080294
vt 0.116663 0.050447
vt 0.158156 0.028269
vt 0.203178 0.014612
vt 0.250000 0.010000
vt 0.296822 0.014612
vt 0.341844 0.028269
vt 0.383337 0.050447
vt 0.419706 0.080294
vt 0.449553 0.116663
vt 0.471731 0.158156
vt 0.485388 0.203178
vt 0.490000 0.250000
vt 0.485388 0.296822
vt 0.471731 0.341844
vt 0.449553 0.383337
vt 0.419706 0.419706
vt 0.383337 0.449553
vt 0.341844 0.471731
vt 0.031250 1.000000
vt 0.031250 0.500000
vt 0.000000 1.000000
vt 0.000000 0.500000
vt 0.750000 0.490000
vt 0.796822 0.485388
vt 0.841844 0.471731
vt 0.883337 0.449553
vt 0.919706 0.419706
vt 0.949553 0.383337
vt 0.971731 0.341844
vt 0.985388 0.296822
vt 0.990000 0.250000
vt 0.985388 0.203178
vt 0.971731 0.158156
vt 0.949553 0.116663
vt 0.919706 0.080294
vt 0.883337 0.050447
vt 0.841844 0.028269
vt 0.796822 0.014612
vt 0.750000 0.010000
vt 0.703178 0.014612
vt 0.658156 0.028269
vt 0.616663 0.050447
vt 0.580294 0.080294
vt 0.550447 0.116663
vt 0.528269 0.158156
vt 0.514612 0.203178
vt 0.510000 0.250000
vt 0.514612 0.296822
vt 0.528269 0.341844
vt 0.550447 0.383337
vt 0.580294 0.419706
vt 0.616663 0.449553
vt 0.658156 0.471731
vt 0.703178 0.485388
vt 1.000000 0.500000
vt 1.000000 1.000000
vt 0.968750 1.000000
vt 0.968750 0.500000
vt 0.937500 1.000000
vt 0.937500 0.500000
vt 0.906250 1.000000
vt 0.906250 0.500000
vt 0.875000 1.000000
vt 0.875000 0.500000
vt 0.843750 1.000000
vt 0.843750 0.500000
vt 0.812500 1.000000
vt 0.812500 0.500000
vt 0.781250 1.000000
vt 0.781250 0.500000
vt 0.750000 1.000000
vt 0.750000 0.500000
vt 0.718750 1.000000
vt 0.718750 0.500000
vt 0.687500 1.000000
vt 0.687500 0.500000
vt 0.656250 1.000000
vt 0.656250 0.500000
vt 0.625000 1.000000
vt 0.625000 0.500000
vt 0.593750 1.000000
vt 0.593750 0.500000
vt 0.562500 1.000000
vt 0.562500 0.500000
vt 0.531250 1.000000
vt 0.531250 0.500000
vt 0.500000 1.000000
vt 0.500000 0.500000
vt 0.468750 1.000000
vt 0.468750 0.500000
vt 0.437500 1.000000
vt 0.437500 0.500000
vt 0.406250 1.000000
vt 0.406250 0.500000
vt 0.375000 1.000000
vt 0.375000 0.500000
vt 0.343750 1.000000
vt 0.343750 0.500000
vt 0.312500 1.000000
vt 0.312500 0.500000
vt 0.281250 1.000000
vt 0.281250 0.500000
vt 0.250000 1.000000
vt 0.250000 0.500000
vt 0.218750 1.000000
vt 0.218750 0.500000
vt 0.187500 1.000000
vt 0.187500 0.500000
vt 0.156250 1.000000
vt 0.156250 0.500000
vt 0.125000 1.000000
vt 0.125000 0.500000
vt 0.093750 1.000000
vt 0.093750 0.500000
vt 0.062500 1.000000
vt 0.062500 0.500000
vt 0.296822 0.485388
vt 0.250000 0.490000
vt 0.203178 0.485388
vt 0.158156 0.471731
vt 0.116663 0.449553
vt 0.080294 0.419706
vt 0.050447 0.383337
vt 0.028269 0.341844
vt 0.014612 0.296822
vt 0.010000 0.250000
vt 0.014612 0.203178
vt 0.028269 0.158156
vt 0.050447 0.116663
vt 0.080294 0.080294
vt 0.116663 0.050447
vt 0.158156 0.028269
vt 0.203178 0.014612
vt 0.250000 0.010000
vt 0.296822 0.014612
vt 0.341844 0.028269
vt 0.383337 0.050447
vt 0.419706 0.080294
vt 0.449553 0.116663
vt 0.471731 0.158156
vt 0.485388 0.203178
vt 0.490000 0.250000
vt 0.485388 0.296822
vt 0.471731 0.341844
vt 0.449553 0.383337
vt 0.419706 0.419706
vt 0.383337 0.449553
vt 0.341844 0.471731
vt 0.031250 1.000000
vt 0.031250 0.500000
vt 0.000000 1.000000
vt 0.000000 0.500000
vt 0.750000 0.490000
vt 0.796822 0.485388
vt 0.841844 0.471731
vt 0.883337 0.449553
vt 0.919706 0.419706
vt 0.949553 0.383337
vt 0.971731 0.341844
vt 0.985388 0.296822
vt 0.990000 0.250000
vt 0.985388 0.203178
vt 0.971731 0.158156
vt 0.949553 0.116663
vt 0.919706 0.080294
vt 0.883337 0.050447
vt 0.841844 0.028269
vt 0.796822 0.014612
vt 0.750000 0.010000
vt 0.703178 0.014612
vt 0.658156 0.028269
vt 0.616663 0.050447
vt 0.580294 0.080294
vt 0.550447 0.116663
vt 0.528269 0.158156
vt 0.514612 0.203178
vt 0.510000 0.250000
vt 0.514612 0.296822
vt 0.528269 0.341844
vt 0.550447 0.383337
vt 0.580294 0.419706
vt 0.616663 0.449553
vt 0.658156 0.471731
vt 0.703178 0.485388
vt 1.000000 0.500000
vt 1.000000 1.000000
vt 0.968750 1.000000
vt 0.968750 0.500000
vt 0.937500 1.000000
vt 0.937500 0.500000
vt 0.906250 1.000000
vt 0.906250 0.500000
vt 0.875000 1.000000
vt 0.875000 0.500000
vt 0.843750 1.000000
vt 0.843750 0.500000
vt 0.812500 1.000000
vt 0.812500 0.500000
vt 0.781250 1.000000
vt 0.781250 0.500000
vt 0.750000 1.000000
vt 0.750000 0.500000
vt 0.718750 1.000000
vt 0.718750 0.500000
vt 0.687500 1.000000
vt 0.687500 0.500000
vt 0.656250 1.000000
vt 0.656250 0.500000
vt 0.625000 1.000000
vt 0.625000 0.500000
vt 0.593750 1.000000
vt 0.593750 0.500000
vt 0.562500 1.000000
vt 0.562500 0.500000
vt 0.531250 1.000000
vt 0.531250 0.500000
vt 0.500000 1.000000
vt 0.500000 0.500000
vt 0.468750 1.000000
vt 0.468750 0.500000
vt 0.437500 1.000000
vt 0.437500 0.500000
vt 0.406250 1.000000
vt 0.406250 0.500000
vt 0.375000 1.000000
vt 0.375000 0.500000
vt 0.343750 1.000000
vt 0.343750 0.500000
vt 0.312500 1.000000
vt 0.312500 0.500000
vt 0.281250 1.000000
vt 0.281250 0.500000
vt 0.250000 1.000000
vt 0.250000 0.500000
vt 0.218750 1.000000
vt 0.218750 0.500000
vt 0.187500 1.000000
vt 0.187500 0.500000
vt 0.156250 1.000000
vt 0.156250 0.500000
vt 0.125000 1.000000
vt 0.125000 0.500000
vt 0.093750 1.000000
vt 0.093750 0.500000
vt 0.062500 1.000000
vt 0.062500 0.500000
vt 0.296822 0.485388
vt 0.250000 0.490000
vt 0.203178 0.485388
vt 0.158156 0.471731
vt 0.116663 0.449553
vt 0.080294 0.419706
vt 0.050447 0.383337
vt 0.028269 0.341844
vt 0.014612 0.296822
vt 0.010000 0.250000
vt 0.014612 0.203178
vt 0.028269 0.158156
vt 0.050447 0.116663
vt 0.080294 0.080294
vt 0.116663 0.050447
vt 0.158156 0.028269
vt 0.203178 0.014612
vt 0.250000 0.010000
vt 0.296822 0.014612
vt 0.341844 0.028269
vt 0.383337 0.050447
vt 0.419706 0.080294
vt 0.449553 0.116663
vt 0.471731 0.158156
vt 0.485388 0.203178
vt 0.490000 0.250000
vt 0.485388 0.296822
vt 0.471731 0.341844
vt 0.449553 0.383337
vt 0.419706 0.419706
vt 0.383337 0.449553
vt 0.341844 0.471731
vt 0.031250 1.000000
vt 0.031250 0.500000
vt 0.000000 1.000000
vt 0.000000 0.500000
vt 0.750000 0.490000
vt 0.796822 0.485388
vt 0.841844 0.471731
vt 0.883337 0.449553
vt 0.919706 0.419706
vt 0.949553 0.383337
vt 0.971731 0.341844
vt 0.985388 0.296822
vt 0.990000 0.250000
vt 0.985388 0.203178
vt 0.971731 0.158156
vt 0.949553 0.116663
vt 0.919706 0.080294
vt 0.883337 0.050447
vt 0.841844 0.028269
vt 0.796822 0.014612
vt 0.750000 0.010000
vt 0.703178 0.014612
vt 0.658156 0.028269
vt 0.616663 0.050447
vt 0.580294 0.080294
vt 0.550447 0.116663
vt 0.528269 0.158156
vt 0.514612 0.203178
vt 0.510000 0.250000
vt 0.514612 0.296822
vt 0.528269 0.341844
vt 0.550447 0.383337
vt 0.580294 0.419706
vt 0.616663 0.449553
vt 0.658156 0.471731
vt 0.703178 0.485388
vt 1.000000 0.500000
vt 1.000000 1.000000
vt 0.968750 1.000000
vt 0.968750 0.500000
vt 0.937500 1.000000
vt 0.937500 0.500000
vt 0.906250 1.000000
vt 0.906250 0.500000
vt 0.875000 1.000000
vt 0.875000 0.500000
vt 0.843750 1.000000
vt 0.843750 0.500000
vt 0.812500 1.000000
vt 0.812500 0.500000
vt 0.781250 1.000000
vt 0.781250 0.500000
vt 0.750000 1.000000
vt 0.750000 0.500000
vt 0.718750 1.000000
vt 0.718750 0.500000
vt 0.687500 1.000000
vt 0.687500 0.500000
vt 0.656250 1.000000
vt 0.656250 0.500000
vt 0.625000 1.000000
vt 0.625000 0.500000
vt 0.593750 1.000000
vt 0.593750 0.500000
vt 0.562500 1.000000
vt 0.562500 0.500000
vt 0.531250 1.000000
vt 0.531250 0.500000
vt 0.500000 1.000000
vt 0.500000 0.500000
vt 0.468750 1.000000
vt 0.468750 0.500000
vt 0.437500 1.000000
vt 0.437500 0.500000
vt 0.406250 1.000000
vt 0.406250 0.500000
vt 0.375000 1.000000
vt 0.375000 0.500000
vt 0.343750 1.000000
vt 0.343750 0.500000
vt 0.312500 1.000000
vt 0.312500 0.500000
vt 0.281250 1.000000
vt 0.281250 0.500000
vt 0.250000 1.000000
vt 0.250000 0.500000
vt 0.218750 1.000000
vt 0.218750 0.500000
vt 0.187500 1.000000
vt 0.187500 0.500000
vt 0.156250 1.000000
vt 0.156250 0.500000
vt 0.125000 1.000000
vt 0.125000 0.500000
vt 0.093750 1.000000
vt 0.093750 0.500000
vt 0.062500 1.000000
vt 0.062500 0.500000
vt 0.296822 0.485388
vt 0.250000 0.490000
vt 0.203178 0.485388
vt 0.158156 0.471731
vt 0.116663 0.449553
vt 0.080294 0.419706
vt 0.050447 0.383337
vt 0.028269 0.341844
vt 0.014612 0.296822
vt 0.010000 0.250000
vt 0.014612 0.203178
vt 0.028269 0.158156
vt 0.050447 0.116663
vt 0.080294 0.080294
vt 0.116663 0.050447
vt 0.158156 0.028269
vt 0.203178 0.014612
vt 0.250000 0.010000
vt 0.296822 0.014612
vt 0.341844 0.028269
vt 0.383337 0.050447
vt 0.419706 0.080294
vt 0.449553 0.116663
vt 0.471731 0.158156
vt 0.485388 0.203178
vt 0.490000 0.250000
vt 0.485388 0.296822
vt 0.471731 0.341844
vt 0.449553 0.383337
vt 0.419706 0.419706
vt 0.383337 0.449553
vt 0.341844 0.471731
vt 0.031250 1.000000
vt 0.031250 0.500000
vt 0.000000 1.000000
vt 0.000000 0.500000
vt 0.750000 0.490000
vt 0.796822 0.485388
vt 0.841844 0.471731
vt 0.883337 0.449553
vt 0.919706 0.419706
vt 0.949553 0.383337
vt 0.971731 0.341844
vt 0.985388 0.296822
vt 0.990000 0.250000
vt 0.985388 0.203178
vt 0.971731 0.158156
vt 0.949553 0.116663
vt 0.919706 0.080294
vt 0.883337 0.050447
vt 0.841844 0.028269
vt 0.796822 0.014612
vt 0.750000 0.010000
vt 0.703178 0.014612
vt 0.658156 0.028269
vt 0.616663 0.050447
vt 0.580294 0.080294
vt 0.550447 0.116663
vt 0.528269 0.158156
vt 0.514612 0.203178
vt 0.510000 0.250000
vt 0.514612 0.296822
vt 0.528269 0.341844
vt 0.550447 0.383337
vt 0.580294 0.419706
vt 0.616663 0.449553
vt 0.658156 0.471731
vt 0.703178 0.485388
vt 1.000000 0.500000
vt 1.000000 1.000000
vt 0.968750 1.000000
vt 0.968750 0.500000
vt 0.937500 1.000000
vt 0.937500 0.500000
vt 0.906250 1.000000
vt 0.906250 0.500000
vt 0.875000 1.000000
vt 0.875000 0.500000
vt 0.843750 1.000000
vt 0.843750 0.500000
vt 0.812500 1.000000
vt 0.812500 0.500000
vt 0.781250 1.000000
vt 0.781250 0.500000
vt 0.750000 1.000000
vt 0.750000 0.500000
vt 0.718750 1.000000
vt 0.718750 0.500000
vt 0.687500 1.000000
vt 0.687500 0.500000
vt 0.656250 1.000000
vt 0.656250 0.500000
vt 0.625000 1.000000
vt 0.625000 0.500000
vt 0.593750 1.000000
vt 0.593750 0.500000
vt 0.562500 1.000000
vt 0.562500 0.500000
vt 0.531250 1.000000
vt 0.531250 0.500000
vt 0.500000 1.000000
vt 0.500000 0.500000
vt 0.468750 1.000000
vt 0.468750 0.500000
vt 0.437500 1.000000
vt 0.437500 0.500000
vt 0.406250 1.000000
vt 0.406250 0.500000
vt 0.375000 1.000000
vt 0.375000 0.500000
vt 0.343750 1.000000
vt 0.343750 0.500000
vt 0.312500 1.000000
vt 0.312500 0.500000
vt 0.281250 1.000000
vt 0.281250 0.500000
vt 0.250000 1.000000
vt 0.250000 0.500000
vt 0.218750 1.000000
vt 0.218750 0.500000
vt 0.187500 1.000000
vt 0.187500 0.500000
vt 0.156250 1.000000
vt 0.156250 0.500000
vt 0.125000 1.000000
vt 0.125000 0.500000
vt 0.093750 1.000000
vt 0.093750 0.500000
vt 0.062500 1.000000
vt 0.062500 0.500000
vt 0.296822 0.485388
vt 0.250000 0.490000
vt 0.203178 0.485388
vt 0.158156 0.471731
vt 0.116663 0.449553
vt 0.080294 0.419706
vt 0.050447 0.383337
vt 0.028269 0.341844
vt 0.014612 0.296822
vt 0.010000 0.250000
vt 0.014612 0.203178
vt 0.028269 0.158156
vt 0.050447 0.116663
vt 0.080294 0.080294
vt 0.116663 0.050447
vt 0.158156 0.028269
vt 0.203178 0.014612
vt 0.250000 0.010000
vt 0.296822 0.014612
vt 0.341844 0.028269
vt 0.383337 0.050447
vt 0.419706 0.080294
vt 0.449553 0.116663
vt 0.471731 0.158156
vt 0.485388 0.203178
vt 0.490000 0.250000
vt 0.485388 0.296822
vt 0.471731 0.341844
vt 0.449553 0.383337
vt 0.419706 0.419706
vt 0.383337 0.449553
vt 0.341844 0.471731
vt 0.031250 1.000000
vt 0.031250 0.500000
vt 0.000000 1.000000
vt 0.000000 0.500000
vt 0.750000 0.490000
vt 0.796822 0.485388
vt 0.841844 0.471731
vt 0.883337 0.449553
vt 0.919706 0.419706
vt 0.949553 0.383337
vt 0.971731 0.341844
vt 0.985388 0.296822
vt 0.990000 0.250000
vt 0.985388 0.203178
vt 0.971731 0.158156
vt 0.949553 0.116663
vt 0.919706 0.080294
vt 0.883337 0.050447
vt 0.841844 0.028269
vt 0.796822 0.014612
vt 0.750000 0.010000
vt 0.703178 0.014612
vt 0.658156 0.028269
vt 0.616663 0.050447
vt 0.580294 0.080294
vt 0.550447 0.116663
vt 0.528269 0.158156
vt 0.514612 0.203178
vt 0.510000 0.250000
vt 0.514612 0.296822
vt 0.528269 0.341844
vt 0.550447 0.383337
vt 0.580294 0.419706
vt 0.616663 0.449553
vt 0.658156 0.471731
vt 0.703178 0.485388
vt 1.000000 0.500000
vt 1.000000 1.000000
vt 0.968750 1.000000
vt 0.968750 0.500000
vt 0.937500 1.000000
vt 0.937500 0.500000
vt 0.906250 1.000000
vt 0.906250 0.500000
vt 0.875000 1.000000
vt 0.875000 0.500000
vt 0.843750 1.000000
vt 0.843750 0.500000
vt 0.812500 1.000000
vt 0.812500 0.500000
vt 0.781250 1.000000
vt 0.781250 0.500000
vt 0.750000 1.000000
vt 0.750000 0.500000
vt 0.718750 1.000000
vt 0.718750 0.500000
vt 0.687500 1.000000
vt 0.687500 0.500000
vt 0.656250 1.000000
vt 0.656250 0.500000
vt 0.625000 1.000000
vt 0.625000 0.500000
vt 0.593750 1.000000
vt 0.593750 0.500000
vt 0.562500 1.000000
vt 0.562500 0.500000
vt 0.531250 1.000000
vt 0.531250 0.500000
vt 0.500000 1.000000
vt 0.500000 0.500000
vt 0.468750 1.000000
vt 0.468750 0.500000
vt 0.437500 1.000000
vt 0.437500 0.500000
vt 0.406250 1.000000
vt 0.406250 0.500000
vt 0.375000 1.000000
vt 0.375000 0.500000
vt 0.343750 1.000000
vt 0.343750 0.500000
vt 0.312500 1.000000
vt 0.312500 0.500000
vt 0.281250 1.000000
vt 0.281250 0.500000
vt 0.250000 1.000000
vt 0.250000 0.500000
vt 0.218750 1.000000
vt 0.218750 0.500000
vt 0.187500 1.000000
vt 0.187500 0.500000
vt 0.156250 1.000000
vt 0.156250 0.500000
vt 0.125000 1.000000
vt 0.125000 0.500000
vt 0.093750 1.000000
vt 0.093750 0.500000
vt 0.062500 1.000000
vt 0.062500 0.500000
vt 0.296822 0.485388
vt 0.250000 0.490000
vt 0.203178 0.485388
vt 0.158156 0.471731
vt 0.116663 0.449553
vt 0.080294 0.419706
vt 0.050447 0.383337
vt 0.028269 0.341844
vt 0.014612 0.296822
vt 0.010000 0.250000
vt 0.014612 0.203178
vt 0.028269 0.158156
vt 0.050447 0.116663
vt 0.080294 0.080294
vt 0.116663 0.050447
vt 0.158156 0.028269
vt 0.203178 0.014612
vt 0.250000 0.010000
vt 0.296822 0.014612
vt 0.341844 0.028269
vt 0.383337 0.050447
vt 0.419706 0.080294
vt 0.449553 0.116663
vt 0.471731 0.158156
vt 0.485388 0.203178
vt 0.490000 0.250000
vt 0.485388 0.296822
vt 0.471731 0.341844
vt 0.449553 0.383337
vt 0.419706 0.419706
vt 0.383337 0.449553
vt 0.341844 0.471731
vt 0.031250 1.000000
vt 0.031250 0.500000
vt 0.000000 1.000000
vt 0.000000 0.500000
vt 0.750000 0.490000
vt 0.796822 0.485388
vt 0.841844 0.471731
vt 0.883337 0.449553
vt 0.919706 0.419706
vt 0.949553 0.383337
vt 0.971731 0.341844
vt 0.985388 0.296822
vt 0.990000 0.250000
vt 0.985388 0.203178
vt 0.971731 0.158156
vt 0.949553 0.116663
vt 0.919706 0.080294
vt 0.883337 0.050447
vt 0.841844 0.028269
vt 0.796822 0.014612
vt 0.750000 0.010000
vt 0.703178 0.014612
vt 0.658156 0.028269
vt 0.616663 0.050447
vt 0.580294 0.080294
vt 0.550447 0.116663
vt 0.528269 0.158156
vt 0.514612 0.203178
vt 0.510000 0.250000
vt 0.514612 0.296822
vt 0.528269 0.341844
vt 0.550447 0.383337
vt 0.580294 0.419706
vt 0.616663 0.449553
vt 0.658156 0.471731
vt 0.703178 0.485388
vt 1.000000 0.500000
vt 1.000000 1.000000
vt 0.968750 1.000000
vt 0.968750 0.500000
vt 0.937500 1.000000
vt 0.937500 0.500000
vt 0.906250 1.000000
vt 0.906250 0.500000
vt 0.875000 1.000000
vt 0.875000 0.500000
vt 0.843750 1.000000
vt 0.843750 0.500000
vt 0.812500 1.000000
vt 0.812500 0.500000
vt 0.781250 1.000000
vt 0.781250 0.500000
vt 0.750000 1.000000
vt 0.750000 0.500000
vt 0.718750 1.000000
vt 0.718750 0.500000
vt 0.687500 1.000000
vt 0.687500 0.500000
vt 0.656250 1.000000
vt 0.656250 0.500000
vt 0.625000 1.000000
vt 0.625000 0.500000
vt 0.593750 1.000000
vt 0.593750 0.500000
vt 0.562500 1.000000
vt 0.562500 0.500000
vt 0.531250 1.000000
vt 0.531250 0.500000
vt 0.500000 1.000000
vt 0.500000 0.500000
vt 0.468750 1.000000
vt 0.468750 0.500000
vt 0.437500 1.000000
vt 0.437500 0.500000
vt 0.406250 1.000000
vt 0.406250 0.500000
vt 0.375000 1.000000
vt 0.375000 0.500000
vt 0.343750 1.000000
vt 0.343750 0.500000
vt 0.312500 1.000000
vt 0.312500 0.500000
vt 0.281250 1.000000
vt 0.281250 0.500000
vt 0.250000 1.000000
vt 0.250000 0.500000
vt 0.218750 1.000000
vt 0.218750 0.500000
vt 0.187500 1.000000
vt 0.187500 0.500000
vt 0.156250 1.000000
vt 0.156250 0.500000
vt 0.125000 1.000000
vt 0.125000 0.500000
vt 0.093750 1.000000
vt 0.093750 0.500000
vt 0.062500 1.000000
vt 0.062500 0.500000
vt 0.296822 0.485388
vt 0.250000 0.490000
vt 0.203178 0.485388
vt 0.158156 0.471731
vt 0.116663 0.449553
vt 0.080294 0.419706
vt 0.050447 0.383337
vt 0.028269 0.341844
vt 0.014612 0.296822
vt 0.010000 0.250000
vt 0.014612 0.203178
vt 0.028269 0.158156
vt 0.050447 0.116663
vt 0.080294 0.080294
vt 0.116663 0.050447
vt 0.158156 0.028269
vt 0.203178 0.014612
vt 0.250000 0.010000
vt 0.296822 0.014612
vt 0.341844 0.028269
vt 0.383337 0.050447
vt 0.419706 0.080294
vt 0.449553 0.116663
vt 0.471731 0.158156
vt 0.485388 0.203178
vt 0.490000 0.250000
vt 0.485388 0.296822
vt 0.471731 0.341844
vt 0.449553 0.383337
vt 0.419706 0.419706
vt 0.383337 0.449553
vt 0.341844 0.471731
vt 0.031250 1.000000
vt 0.031250 0.500000
vt 0.000000 1.000000
vt 0.000000 0.500000
vt 0.750000 0.490000
vt 0.796822 0.485388
vt 0.841844 0.471731
vt 0.883337 0.449553
vt 0.919706 0.419706
vt 0.949553 0.383337
vt 0.971731 0.341844
vt 0.985388 0.296822
vt 0.990000 0.250000
vt 0.985388 0.203178
vt 0.971731 0.158156
vt 0.949553 0.116663
vt 0.919706 0.080294
vt 0.883337 0.050447
vt 0.841844 0.028269
vt 0.796822 0.014612
vt 0.750000 0.010000
vt 0.703178 0.014612
vt 0.658156 0.028269
vt 0.616663 0.050447
vt 0.580294 0.080294
vt 0.550447 0.116663
vt 0.528269 0.158156
vt 0.514612 0.203178
vt 0.510000 0.250000
vt 0.514612 0.296822
vt 0.528269 0.341844
vt 0.550447 0.383337
vt 0.580294 0.419706
vt 0.616663 0.449553
vt 0.658156 0.471731
vt 0.703178 0.485388
vt 1.000000 0.500000
vt 1.000000 1.000000
vt 0.968750 1.000000
vt 0.968750 0.500000
vt 0.937500 1.000000
vt 0.937500 0.500000
vt 0.906250 1.000000
vt 0.906250 0.500000
vt 0.875000 1.000000
vt 0.875000 0.500000
vt 0.843750 1.000000
vt 0.843750 0.500000
vt 0.812500 1.000000
vt 0.812500 0.500000
vt 0.781250 1.000000
vt 0.781250 0.500000
vt 0.750000 1.000000
vt 0.750000 0.500000
vt 0.718750 1.000000
vt 0.718750 0.500000
vt 0.687500 1.000000
vt 0.687500 0.500000
vt 0.656250 1.000000
vt 0.656250 0.500000
vt 0.625000 1.000000
vt 0.625000 0.500000
vt 0.593750 1.000000
vt 0.593750 0.500000
vt 0.562500 1.000000
vt 0.562500 0.500000
vt 0.531250 1.000000
vt 0.531250 0.500000
vt 0.500000 1.000000
vt 0.500000 0.500000
vt 0.468750 1.000000
vt 0.468750 0.500000
vt 0.437500 1.000000
vt 0.437500 0.500000
vt 0.406250 1.000000
vt 0.406250 0.500000
vt 0.375000 1.000000
vt 0.375000 0.500000
vt 0.343750 1.000000
vt 0.343750 0.500000
vt 0.312500 1.000000
vt 0.312500 0.500000
vt 0.281250 1.000000
vt 0.281250 0.500000
vt 0.250000 1.000000
vt 0.250000 0.500000
vt 0.218750 1.000000
vt 0.218750 0.500000
vt 0.187500 1.000000
vt 0.187500 0.500000
vt 0.156250 1.000000
vt 0.156250 0.500000
vt 0.125000 1.000000
vt 0.125000 0.500000
vt 0.093750 1.000000
vt 0.093750 0.500000
vt 0.062500 1.000000
vt 0.062500 0.500000
vt 0.296822 0.485388
vt 0.250000 0.490000
vt 0.203178 0.485388
vt 0.158156 0.471731
vt 0.116663 0.449553
vt 0.080294 0.419706
vt 0.050447 0.383337
vt 0.028269 0.341844
vt 0.014612 0.296822
vt 0.010000 0.250000
vt 0.014612 0.203178
vt 0.028269 0.158156
vt 0.050447 0.116663
vt 0.080294 0.080294
vt 0.116663 0.050447
vt 0.158156 0.028269
vt 0.203178 0.014612
vt 0.250000 0.010000
vt 0.296822 0.014612
vt 0.341844 0.028269
vt 0.383337 0.050447
vt 0.419706 0.080294
vt 0.449553 0.116663
vt 0.471731 0.158156
vt 0.485388 0.203178
vt 0.490000 0.250000
vt 0.485388 0.296822
vt 0.471731 0.341844
vt 0.449553 0.383337
vt 0.419706 0.419706
vt 0.383337 0.449553
vt 0.341844 0.471731
vt 0.031250 1.000000
vt 0.031250 0.500000
vt 0.000000 1.000000
vt 0.000000 0.500000
vt 0.750000 0.490000
vt 0.796822 0.485388
vt 0.841844 0.471731
vt 0.883337 0.449553
vt 0.919706 0.419706
vt 0.949553 0.383337
vt 0.971731 0.341844
vt 0.985388 0.296822
vt 0.990000 0.250000
vt 0.985388 0.203178
vt 0.971731 0.158156
vt 0.949553 0.116663
vt 0.919706 0.080294
vt 0.883337 0.050447
vt 0.841844 0.028269
vt 0.796822 0.014612
vt 0.750000 0.010000
vt 0.703178 0.014612
vt 0.658156 0.028269
vt 0.616663 0.050447
vt 0.580294 0.080294
vt 0.550447 0.116663
vt 0.528269 0.158156
vt 0.514612 0.203178
vt 0.510000 0.250000
vt 0.514612 0.296822
vt 0.528269 0.341844
vt 0.550447 0.383337
vt 0.580294 0.419706
vt 0.616663 0.449553
vt 0.658156 0.471731
vt 0.703178 0.485388
vt 1.000000 0.500000
vt 1.000000 1.000000
vt 0.968750 1.000000
vt 0.968750 0.500000
vt 0.937500 1.000000
vt 0.937500 0.500000
vt 0.906250 1.000000
vt 0.906250 0.500000
vt 0.875000 1.000000
vt 0.875000 0.500000
vt 0.843750 1.000000
vt 0.843750 0.500000
vt 0.812500 1.000000
vt 0.812500 0.500000
vt 0.781250 1.000000
vt 0.781250 0.500000
vt 0.750000 1.000000
vt 0.750000 0.500000
vt 0.718750 1.000000
vt 0.718750 0.500000
vt 0.687500 1.000000
vt 0.687500 0.500000
vt 0.656250 1.000000
vt 0.656250 0.500000
vt 0.625000 1.000000
vt 0.625000 0.500000
vt 0.593750 1.000000
vt 0.593750 0.500000
vt 0.562500 1.000000
vt 0.562500 0.500000
vt 0.531250 1.000000
vt 0.531250 0.500000
vt 0.500000 1.000000
vt 0.500000 0.500000
vt 0.468750 1.000000
vt 0.468750 0.500000
vt 0.437500 1.000000
vt 0.437500 0.500000
vt 0.406250 1.000000
vt 0.406250 0.500000
vt 0.375000 1.000000
vt 0.375000 0.500000
vt 0.343750 1.000000
vt 0.343750 0.500000
vt 0.312500 1.000000
vt 0.312500 0.500000
vt 0.281250 1.000000
vt 0.281250 0.500000
vt 0.250000 1.000000
vt 0.250000 0.500000
vt 0.218750 1.000000
vt 0.218750 0.500000
vt 0.187500 1.000000
vt 0.187500 0.500000
vt 0.156250 1.000000
vt 0.156250 0.500000
vt 0.125000 1.000000
vt 0.125000 0.500000
vt 0.093750 1.000000
vt 0.093750 0.500000
vt 0.062500 1.000000
vt 0.062500 0.500000
vt 0.296822 0.485388
vt 0.250000 0.490000
vt 0.203178 0.485388
vt 0.158156 0.471731
vt 0.116663 0.449553
vt 0.080294 0.419706
vt 0.050447 0.383337
vt 0.028269 0.341844
vt 0.014612 0.296822
vt 0.010000 0.250000
vt 0.014612 0.203178
vt 0.028269 0.158156
vt 0.050447 0.116663
vt 0.080294 0.080294
vt 0.116663 0.050447
vt 0.158156 0.028269
vt 0.203178 0.014612
vt 0.250000 0.010000
vt 0.296822 0.014612
vt 0.341844 0.028269
vt 0.383337 0.050447
vt 0.419706 0.080294
vt 0.449553 0.116663
vt 0.471731 0.158156
vt 0.485388 0.203178
vt 0.490000 0.250000
vt 0.485388 0.296822
vt 0.471731 0.341844
vt 0.449553 0.383337
vt 0.419706 0.419706
vt 0.383337 0.449553
vt 0.341844 0.471731
vt 0.031250 1.000000
vt 0.031250 0.500000
vt 0.000000 1.000000
vt 0.000000 0.500000
vt 0.750000 0.490000
vt 0.796822 0.485388
vt 0.841844 0.471731
vt 0.883337 0.449553
vt 0.919706 0.419706
vt 0.949553 0.383337
vt 0.971731 0.341844
vt 0.985388 0.296822
vt 0.990000 0.250000
vt 0.985388 0.203178
vt 0.971731 0.158156
vt 0.949553 0.116663
vt 0.919706 0.080294
vt 0.883337 0.050447
vt 0.841844 0.028269
vt 0.796822 0.014612
vt 0.750000 0.010000
vt 0.703178 0.014612
vt 0.658156 0.028269
vt 0.616663 0.050447
vt 0.580294 0.080294
vt 0.550447 0.116663
vt 0.528269 0.158156
vt 0.514612 0.203178
vt 0.510000 0.250000
vt 0.514612 0.296822
vt 0.528269 0.341844
vt 0.550447 0.383337
vt 0.580294 0.419706
vt 0.616663 0.449553
vt 0.658156 0.471731
vt 0.703178 0.485388
vt 1.000000 0.500000
vt 1.000000 1.000000
vt 0.968750 1.000000
vt 0.968750 0.500000
vt 0.937500 1.000000
vt 0.937500 0.500000
vt 0.906250 1.000000
vt 0.906250 0.500000
vt 0.875000 1.000000
vt 0.875000 0.500000
vt 0.843750 1.000000
vt 0.843750 0.500000
vt 0.812500 1.000000
vt 0.812500 0.500000
vt 0.781250 1.000000
vt 0.781250 0.500000
vt 0.750000 1.000000
vt 0.750000 0.500000
vt 0.718750 1.000000
vt 0.718750 0.500000
vt 0.687500 1.000000
vt 0.687500 0.500000
vt 0.656250 1.000000
vt 0.656250 0.500000
vt 0.625000 1.000000
vt 0.625000 0.500000
vt 0.593750 1.000000
vt 0.593750 0.500000
vt 0.562500 1.000000
vt 0.562500 0.500000
vt 0.531250 1.000000
vt 0.531250 0.500000
vt 0.500000 1.000000
vt 0.500000 0.500000
vt 0.468750 1.000000
vt 0.468750 0.500000
vt 0.437500 1.000000
vt 0.437500 0.500000
vt 0.406250 1.000000
vt 0.406250 0.500000
vt 0.375000 1.000000
vt 0.375000 0.500000
vt 0.343750 1.000000
vt 0.343750 0.500000
vt 0.312500 1.000000
vt 0.312500 0.500000
vt 0.281250 1.000000
vt 0.281250 0.500000
vt 0.250000 1.000000
vt 0.250000 0.500000
vt 0.218750 1.000000
vt 0.218750 0.500000
vt 0.187500 1.000000
vt 0.187500 0.500000
vt 0.156250 1.000000
vt 0.156250 0.500000
vt 0.125000 1.000000
vt 0.125000 0.500000
vt 0.093750 1.000000
vt 0.093750 0.500000
vt 0.062500 1.000000
vt 0.062500 0.500000
vt 0.296822 0.485388
vt 0.250000 0.490000
vt 0.203178 0.485388
vt 0.158156 0.471731
vt 0.116663 0.449553
vt 0.080294 0.419706
vt 0.050447 0.383337
vt 0.028269 0.341844
vt 0.014612 0.296822
vt 0.010000 0.250000
vt 0.014612 0.203178
vt 0.028269 0.158156
vt 0.050447 0.116663
vt 0.080294 0.080294
vt 0.116663 0.050447
vt 0.158156 0.028269
vt 0.203178 0.014612
vt 0.250000 0.010000
vt 0.296822 0.014612
vt 0.341844 0.028269
vt 0.383337 0.050447
vt 0.419706 0.080294
vt 0.449553 0.116663
vt 0.471731 0.158156
vt 0.485388 0.203178
vt 0.490000 0.250000
vt 0.485388 0.296822
vt 0.471731 0.341844
vt 0.449553 0.383337
vt 0.419706 0.419706
vt 0.383337 0.449553
vt 0.341844 0.471731
vt 0.031250 1.000000
vt 0.031250 0.500000
vt 0.000000 1.000000
vt 0.000000 0.500000
vt 0.750000 0.490000
vt 0.796822 0.485388
vt 0.841844 0.471731
vt 0.883337 0.449553
vt 0.919706 0.419706
vt 0.949553 0.383337
vt 0.971731 0.341844
vt 0.985388 0.296822
vt 0.990000 0.250000
vt 0.985388 0.203178
vt 0.971731 0.158156
vt 0.949553 0.116663
vt 0.919706 0.080294
vt 0.883337 0.050447
vt 0.841844 0.028269
vt 0.796822 0.014612
vt 0.750000 0.010000
vt 0.703178 0.014612
vt 0.658156 0.028269
vt 0.616663 0.050447
vt 0.580294 0.080294
vt 0.550447 0.116663
vt 0.528269 0.158156
vt 0.514612 0.203178
vt 0.510000 0.250000
vt 0.514612 0.296822
vt 0.528269 0.341844
vt 0.550447 0.383337
vt 0.580294 0.419706
vt 0.616663 0.449553
vt 0.658156 0.471731
vt 0.703178 0.485388
vt 1.000000 0.500000
vt 1.000000 1.000000
vt 0.968750 1.000000
vt 0.968750 0.500000
vt 0.937500 1.000000
vt 0.937500 0.500000
vt 0.906250 1.000000
vt 0.906250 0.500000
vt 0.875000 1.000000
vt 0.875000 0.500000
vt 0.843750 1.000000
vt 0.843750 0.500000
vt 0.812500 1.000000
vt 0.812500 0.500000
vt 0.781250 1.000000
vt 0.781250 0.500000
vt 0.750000 1.000000
vt 0.750000 0.500000
vt 0.718750 1.000000
vt 0.718750 0.500000
vt 0.687500 1.000000
vt 0.687500 0.500000
vt 0.656250 1.000000
vt 0.656250 0.500000
vt 0.625000 1.000000
vt 0.625000 0.500000
vt 0.593750 1.000000
vt 0.593750 0.500000
vt 0.562500 1.000000
vt 0.562500 0.500000
vt 0.531250 1.000000
vt 0.531250 0.500000
vt 0.500000 1.000000
vt 0.500000 0.500000
vt 0.468750 1.000000
vt 0.468750 0.500000
vt 0.437500 1.000000
vt 0.437500 0.500000
vt 0.406250 1.000000
vt 0.406250 0.500000
vt 0.375000 1.000000
vt 0.375000 0.500000
vt 0.343750 1.000000
vt 0.343750 0.500000
vt 0.312500 1.000000
vt 0.312500 0.500000
vt 0.281250 1.000000
vt 0.281250 0.500000
vt 0.250000 1.000000
vt 0.250000 0.500000
vt 0.218750 1.000000
vt 0.218750 0.500000
vt 0.187500 1.000000
vt 0.187500 0.500000
vt 0.156250 1.000000
vt 0.156250 0.500000
vt 0.125000 1.000000
vt 0.125000 0.500000
vt 0.093750 1.000000
vt 0.093750 0.500000
vt 0.062500 1.000000
vt 0.062500 0.500000
vt 0.296822 0.485388
vt 0.250000 0.490000
vt 0.203178 0.485388
vt 0.158156 0.471731
vt 0.116663 0.449553
vt 0.080294 0.419706
vt 0.050447 0.383337
vt 0.028269 0.341844
vt 0.014612 0.296822
vt 0.010000 0.250000
vt 0.014612 0.203178
vt 0.028269 0.158156
vt 0.050447 0.116663
vt 0.080294 0.080294
vt 0.116663 0.050447
vt 0.158156 0.028269
vt 0.203178 0.014612
vt 0.250000 0.010000
vt 0.296822 0.014612
vt 0.341844 0.028269
vt 0.383337 0.050447
vt 0.419706 0.080294
vt 0.449553 0.116663
vt 0.471731 0.158156
vt 0.485388 0.203178
vt 0.490000 0.250000
vt 0.485388 0.296822
vt 0.471731 0.341844
vt 0.449553 0.383337
vt 0.419706 0.419706
vt 0.383337 0.449553
vt 0.341844 0.471731
vt 0.031250 1.000000
vt 0.031250 0.500000
vt 0.000000 1.000000
vt 0.000000 0.500000
vt 0.750000 0.490000
vt 0.796822 0.485388
vt 0.841844 0.471731
vt 0.883337 0.449553
vt 0.919706 0.419706
vt 0.949553 0.383337
vt 0.971731 0.341844
vt 0.985388 0.296822
vt 0.990000 0.250000
vt 0.985388 0.203178
vt 0.971731 0.158156
vt 0.949553 0.116663
vt 0.919706 0.080294
vt 0.883337 0.050447
vt 0.841844 0.028269
vt 0.796822 0.014612
vt 0.750000 0.010000
vt 0.703178 0.014612
vt 0.658156 0.028269
vt 0.616663 0.050447
vt 0.580294 0.080294
vt 0.550447 0.116663
vt 0.528269 0.158156
vt 0.514612 0.203178
vt 0.510000 0.250000
vt 0.514612 0.296822
vt 0.528269 0.341844
vt 0.550447 0.383337
vt 0.580294 0.419706
vt 0.616663 0.449553
vt 0.658156 0.471731
vt 0.703178 0.485388
vt 1.000000 0.500000
vt 1.000000 1.000000
vt 0.968750 1.000000
vt 0.968750 0.500000
vt 0.937500 1.000000
vt 0.937500 0.500000
vt 0.906250 1.000000
vt 0.906250 0.500000
vt 0.875000 1.000000
vt 0.875000 0.500000
vt 0.843750 1.000000
vt 0.843750 0.500000
vt 0.812500 1.000000
vt 0.812500 0.500000
vt 0.781250 1.000000
vt 0.781250 0.500000
vt 0.750000 1.000000
vt 0.750000 0.500000
vt 0.718750 1.000000
vt 0.718750 0.500000
vt 0.687500 1.000000
vt 0.687500 0.500000
vt 0.656250 1.000000
vt 0.656250 0.500000
vt 0.625000 1.000000
vt 0.625000 0.500000
vt 0.593750 1.000000
vt 0.593750 0.500000
vt 0.562500 1.000000
vt 0.562500 0.500000
vt 0.531250 1.000000
vt 0.531250 0.500000
vt 0.500000 1.000000
vt 0.500000 0.500000
vt 0.468750 1.000000
vt 0.468750 0.500000
vt 0.437500 1.000000
vt 0.437500 0.500000
vt 0.406250 1.000000
vt 0.406250 0.500000
vt 0.375000 1.000000
vt 0.375000 0.500000
vt 0.343750 1.000000
vt 0.343750 0.500000
vt 0.312500 1.000000
vt 0.312500 0.500000
vt 0.281250 1.000000
vt 0.281250 0.500000
vt 0.250000 1.000000
vt 0.250000 0.500000
vt 0.218750 1.000000
vt 0.218750 0.500000
vt 0.187500 1.000000
vt 0.187500 0.500000
vt 0.156250 1.000000
vt 0.156250 0.500000
vt 0.125000 1.000000
vt 0.125000 0.500000
vt 0.093750 1.000000
vt 0.093750 0.500000
vt 0.062500 1.000000
vt 0.062500 0.500000
vt 0.296822 0.485388
vt 0.250000 0.490000
vt 0.203178 0.485388
vt 0.158156 0.471731
vt 0.116663 0.449553
vt 0.080294 0.419706
vt 0.050447 0.383337
vt 0.028269 0.341844
vt 0.014612 0.296822
vt 0.010000 0.250000
vt 0.014612 0.203178
vt 0.028269 0.158156
vt 0.050447 0.116663
vt 0.080294 0.080294
vt 0.116663 0.050447
vt 0.158156 0.028269
vt 0.203178 0.014612
vt 0.250000 0.010000
vt 0.296822 0.014612
vt 0.341844 0.028269
vt 0.383337 0.050447
vt 0.419706 0.080294
vt 0.449553 0.116663
vt 0.471731 0.158156
vt 0.485388 0.203178
vt 0.490000 0.250000
vt 0.485388 0.296822
vt 0.471731 0.341844
vt 0.449553 0.383337
vt 0.419706 0.419706
vt 0.383337 0.449553
vt 0.341844 0.471731
vt 0.031250 1.000000
vt 0.031250 0.500000
vt 0.000000 1.000000
vt 0.000000 0.500000
vt 0.750000 0.490000
vt 0.796822 0.485388
vt 0.841844 0.471731
vt 0.883337 0.449553
vt 0.919706 0.419706
vt 0.949553 0.383337
vt 0.971731 0.341844
vt 0.985388 0.296822
vt 0.990000 0.250000
vt 0.985388 0.203178
vt 0.971731 0.158156
vt 0.949553 0.116663
vt 0.919706 0.080294
vt 0.883337 0.050447
vt 0.841844 0.028269
vt 0.796822 0.014612
vt 0.750000 0.010000
vt 0.703178 0.014612
vt 0.658156 0.028269
vt 0.616663 0.050447
vt 0.580294 0.080294
vt 0.550447 0.116663
vt 0.528269 0.158156
vt 0.514612 0.203178
vt 0.510000 0.250000
vt 0.514612 0.296822
vt 0.528269 0.341844
vt 0.550447 0.383337
vt 0.580294 0.419706
vt 0.616663 0.449553
vt 0.658156 0.471731
vt 0.703178 0.485388
vn 0.0000 -0.0980 -0.9952
vn 0.0000 -0.2903 -0.9569
vn 0.0000 -0.4714 -0.8819
vn 0.0000 -0.6344 -0.7730
vn 0.0000 -0.7730 -0.6344
vn 0.0000 -0.8819 -0.4714
vn 0.0000 -0.9569 -0.2903
vn 0.0000 -0.9952 -0.0980
vn 0.0000 -0.9952 0.0980
vn 0.0000 -0.9569 0.2903
vn 0.0000 -0.8819 0.4714
vn 0.0000 -0.7730 0.6344
vn 0.0000 -0.6344 0.7730
vn 0.0000 -0.4714 0.8819
vn 0.0000 -0.2903 0.9569
vn 0.0000 -0.0980 0.9952
vn -0.0000 0.0980 0.9952
vn -0.0000 0.2903 0.9569
vn -0.0000 0.4714 0.8819
vn -0.0000 0.6344 0.7730
vn -0.0000 0.7730 0.6344
vn -0.0000 0.8819 0.4714
vn -0.0000 0.9569 0.2903
vn -0.0000 0.9952 0.0980
vn -0.0000 0.9952 -0.0980
vn -0.0000 0.9569 -0.2903
vn -0.0000 0.8819 -0.4714
vn -0.0000 0.7730 -0.6344
vn -0.0000 0.6344 -0.7730
vn -0.0000 0.4714 -0.8819
vn 1.0000 0.0000 0.0000
vn -0.0000 0.2903 -0.9569
vn -0.0000 0.0980 -0.9952
vn -1.0000 -0.0000 0.0000
vn 0.0980 0.9952 0.0000
vn 0.2903 0.9569 0.0000
vn 0.4714 0.8819 0.0000
vn 0.6344 0.7730 0.0000
vn 0.7730 0.6344 0.0000
vn 0.8819 0.4714 0.0000
vn 0.9569 0.2903 0.0000
vn 0.9952 0.0980 0.0000
vn 0.9952 -0.0980 -0.0000
vn 0.9569 -0.2903 -0.0000
vn 0.8819 -0.4714 -0.0000
vn 0.7730 -0.6344 -0.0000
vn 0.6344 -0.7730 -0.0000
vn 0.4714 -0.8819 -0.0000
vn 0.2903 -0.9569 -0.0000
vn 0.0980 -0.9952 -0.0000
vn -0.0980 -0.9952 -0.0000
vn -0.2903 -0.9569 -0.0000
vn -0.4714 -0.8819 -0.0000
vn -0.6344 -0.7730 -0.0000
vn -0.7730 -0.6344 -0.0000
vn -0.8819 -0.4714 -0.0000
vn -0.9569 -0.2903 -0.0000
vn -0.9952 -0.0980 -0.0000
vn -0.9952 0.0980 0.0000
vn -0.9569 0.2903 0.0000
vn -0.8819 0.4714 0.0000
vn -0.7730 0.6344 0.0000
vn -0.6344 0.7730 0.0000
vn -0.4714 0.8819 0.0000
vn 0.0000 0.0000 1.0000
vn -0.2903 0.9569 0.0000
vn -0.0980 0.9952 0.0000
vn -0.0000 0.0000 -1.0000
vn 0.0980 0.0000 -0.9952
vn 0.2903 0.0000 -0.9569
vn 0.4714 0.0000 -0.8819
vn 0.6344 0.0000 -0.7730
vn 0.7730 0.0000 -0.6344
vn 0.8819 0.0000 -0.4714
vn 0.9569 0.0000 -0.2903
vn 0.9952 0.0000 -0.0980
vn 0.9952 0.0000 0.0980
vn 0.9569 0.0000 0.2903
vn 0.8819 0.0000 0.4714
vn 0.7730 0.0000 0.6344
vn 0.6344 0.0000 0.7730
vn 0.4714 0.0000 0.8819
vn 0.2903 0.0000 0.9569
vn 0.0980 0.0000 0.9952
vn -0.0980 0.0000 0.9952
vn -0.2903 0.0000 0.9569
vn -0.4714 0.0000 0.8819
vn -0.6344 0.0000 0.7730
vn -0.7730 0.0000 0.6344
vn -0.8819 0.0000 0.4714
vn -0.9569 0.0000 0.2903
vn -0.9952 0.0000 0.0980
vn -0.9952 0.0000 -0.0980
vn -0.9569 0.0000 -0.2903
vn -0.8819 0.0000 -0.4714
vn -0.7730 0.0000 -0.6344
vn -0.6344 0.0000 -0.7730
vn -0.4714 0.0000 -0.8819
vn 0.0000 1.0000 -0.0000
vn -0.2903 0.0000 -0.9569
vn -0.0980 0.0000 -0.9952
vn 0.0000 -1.0000 -0.0000
usemtl base
s off
f 25/50/27 26/51/27 28/52/27 27/53/27
f 27/53/28 28/52/28 30/54/28 29/55/28
f 29/55/29 30/54/29 32/56/29 31/57/29
f 31/57/30 32/56/30 34/58/30 33/59/30
f 33/59/31 34/58/31 36/60/31 35/61/31
f 35/61/32 36/60/32 38/62/32 37/63/32
f 37/63/33 38/62/33 40/64/33 39/65/33
f 39/65/34 40/64/34 42/66/34 41/67/34
f 41/67/35 42/66/35 44/68/35 43/69/35
f 43/69/36 44/68/36 46/70/36 45/71/36
f 45/71/37 46/70/37 48/72/37 47/73/37
f 47/73/38 48/72/38 50/74/38 49/75/38
f 49/75/39 50/74/39 52/76/39 51/77/39
f 51/77/40 52/76/40 54/78/40 53/79/40
f 53/79/41 54/78/41 56/80/41 55/81/41
f 55/81/42 56/80/42 58/82/42 57/83/42
f 57/83/43 58/82/43 60/84/43 59/85/43
f 59/85/44 60/84/44 62/86/44 61/87/44
f 61/87/45 62/86/45 64/88/45 63/89/45
f 63/89/46 64/88/46 66/90/46 65/91/46
f 65/91/47 66/90/47 68/92/47 67/93/47
f 67/93/48 68/92/48 70/94/48 69/95/48
f 69/95/49 70/94/49 72/96/49 71/97/49
f 71/97/50 72/96/50 74/98/50 73/99/50
f 73/99/51 74/98/51 76/100/51 75/101/51
f 75/101/52 76/100/52 78/102/52 77/103/52
f 77/103/53 78/102/53 80/104/53 79/105/53
f 79/105/54 80/104/54 82/106/54 81/107/54
f 81/107/55 82/106/55 84/108/55 83/109/55
f 83/109/56 84/108/56 86/110/56 85/111/56
f 28/112/57 26/113/57 88/114/57 86/115/57 84/116/57 82/117/57 80/118/57 78/119/57 76/120/57 74/121/57 72/122/57 70/123/57 68/124/57 66/125/57 64/126/57 62/127/57 60/128/57 58/129/57 56/130/57 54/131/57 52/132/57 50/133/57 48/134/57 46/135/57 44/136/57 42/137/57 40/138/57 38/139/57 36/140/57 34/141/57 32/142/57 30/143/57
f 85/111/58 86/110/58 88/144/58 87/145/58
f 87/145/59 88/144/59 26/146/59 25/147/59
f 25/148/60 27/149/60 29/150/60 31/151/60 33/152/60 35/153/60 37/154/60 39/155/60 41/156/60 43/157/60 45/158/60 47/159/60 49/160/60 51/161/60 53/162/60 55/163/60 57/164/60 59/165/60 61/166/60 63/167/60 65/168/60 67/169/60 69/170/60 71/171/60 73/172/60 75/173/60 77/174/60 79/175/60 81/176/60 83/177/60 85/178/60 87/179/60
f 89/180/27 90/181/27 92/182/27 91/183/27
f 91/183/28 92/182/28 94/184/28 93/185/28
f 93/185/29 94/184/29 96/186/29 95/187/29
f 95/187/30 96/186/30 98/188/30 97/189/30
f 97/189/31 98/188/31 100/190/31 99/191/31
f 99/191/32 100/190/32 102/192/32 101/193/32
f 101/193/33 102/192/33 104/194/33 103/195/33
f 103/195/34 104/194/34 106/196/34 105/197/34
f 105/197/35 106/196/35 108/198/35 107/199/35
f 107/199/36 108/198/36 110/200/36 109/201/36
f 109/201/37 110/200/37 112/202/37 111/203/37
f 111/203/38 112/202/38 114/204/38 113/205/38
f 113/205/39 114/204/39 116/206/39 115/207/39
f 115/207/40 116/206/40 118/208/40 117/209/40
f 117/209/41 118/208/41 120/210/41 119/211/41
f 119/211/42 120/210/42 122/212/42 121/213/42
f 121/213/43 122/212/43 124/214/43 123/215/43
f 123/215/44 124/214/44 126/216/44 125/217/44
f 125/217/45 126/216/45 128/218/45 127/219/45
f 127/219/46 128/218/46 130/220/46 129/221/46
f 129/221/47 130/220/47 132/222/47 131/223/47
f 131/223/48 132/222/48 134/224/48 133/225/48
f 133/225/49 134/224/49 136/226/49 135/227/49
f 135/227/50 136/226/50 138/228/50 137/229/50
f 137/229/51 138/228/51 140/230/51 139/231/51
f 139/231/52 140/230/52 142/232/52 141/233/52
f 141/233/53 142/232/53 144/234/53 143/235/53
f 143/235/54 144/234/54 146/236/54 145/237/54
f 145/237/55 146/236/55 148/238/55 147/239/55
f 147/239/56 148/238/56 150/240/56 149/241/56
f 92/242/57 90/243/57 152/244/57 150/245/57 148/246/57 146/247/57 144/248/57 142/249/57 140/250/57 138/251/57 136/252/57 134/253/57 132/254/57 130/255/57 128/256/57 126/257/57 124/258/57 122/259/57 120/260/57 118/261/57 116/262/57 114/263/57 112/264/57 110/265/57 108/266/57 106/267/57 104/268/57 102/269/57 100/270/57 98/271/57 96/272/57 94/273/57
f 149/241/58 150/240/58 152/274/58 151/275/58
f 151/275/59 152/274/59 90/276/59 89/277/59
f 89/278/60 91/279/60 93/280/60 95/281/60 97/282/60 99/283/60 101/284/60 103/285/60 105/286/60 107/287/60 109/288/60 111/289/60 113/290/60 115/291/60 117/292/60 119/293/60 121/294/60 123/295/60 125/296/60 127/297/60 129/298/60 131/299/60 133/300/60 135/301/60 137/302/60 139/303/60 141/304/60 143/305/60 145/306/60 147/307/60 149/308/60 151/309/60
f 153/310/27 154/311/27 156/312/27 155/313/27
f 155/313/28 156/312/28 158/314/28 157/315/28
f 157/315/29 158/314/29 160/316/29 159/317/29
f 159/317/30 160/316/30 162/318/30 161/319/30
f 161/319/31 162/318/31 164/320/31 163/321/31
f 163/321/32 164/320/32 166/322/32 165/323/32
f 165/323/33 166/322/33 168/324/33 167/325/33
f 167/325/34 168/324/34 170/326/34 169/327/34
f 169/327/35 170/326/35 172/328/35 171/329/35
f 171/329/36 172/328/36 174/330/36 173/331/36
f 173/331/37 174/330/37 176/332/37 175/333/37
f 175/333/38 176/332/38 178/334/38 177/335/38
f 177/335/39 178/334/39 180/336/39 179/337/39
f 179/337/40 180/336/40 182/338/40 181/339/40
f 181/339/41 182/338/41 184/340/41 183/341/41
f 183/341/42 184/340/42 186/342/42 185/343/42
f 185/343/43 186/342/43 188/344/43 187/345/43
f 187/345/44 188/344/44 190/346/44 189/347/44
f 189/347/45 190/346/45 192/348/45 191/349/45
f 191/349/46 192/348/46 194/350/46 193/351/46
f 193/351/47 194/350/47 196/352/47 195/353/47
f 195/353/48 196/352/48 198/354/48 197/355/48
f 197/355/49 198/354/49 200/356/49 199/357/49
f 199/357/50 200/356/50 202/358/50 201/359/50
f 201/359/51 202/358/51 204/360/51 203/361/51
f 203/361/52 204/360/52 206/362/52 205/363/52
f 205/363/53 206/362/53 208/364/53 207/365/53
f 207/365/54 208/364/54 210/366/54 209/367/54
f 209/367/55 210/366/55 212/368/55 211/369/55
f 211/369/56 212/368/56 214/370/56 213/371/56
f 156/372/57 154/373/57 216/374/57 214/375/57 212/376/57 210/377/57 208/378/57 206/379/57 204/380/57 202/381/57 200/382/57 198/383/57 196/384/57 194/385/57 192/386/57 190/387/57 188/388/57 186/389/57 184/390/57 182/391/57 180/392/57 178/393/57 176/394/57 174/395/57 172/396/57 170/397/57 168/398/57 166/399/57 164/400/57 162/401/57 160/402/57 158/403/57
f 213/371/58 214/370/58 216/404/58 215/405/58
f 215/405/59 216/404/59 154/406/59 153/407/59
f 153/408/60 155/409/60 157/410/60 159/411/60 161/412/60 163/413/60 165/414/60 167/415/60 169/416/60 171/417/60 173/418/60 175/419/60 177/420/60 179/421/60 181/422/60 183/423/60 185/424/60 187/425/60 189/426/60 191/427/60 193/428/60 195/429/60 197/430/60 199/431/60 201/432/60 203/433/60 205/434/60 207/435/60 209/436/60 211/437/60 213/438/60 215/439/60
f 217/440/27 218/441/27 220/442/27 219/443/27
f 219/443/28 220/442/28 222/444/28 221/445/28
f 221/445/29 222/444/29 224/446/29 223/447/29
f 223/447/30 224/446/30 226/448/30 225/449/30
f 225/449/31 226/448/31 228/450/31 227/451/31
f 227/451/32 228/450/32 230/452/32 229/453/32
f 229/453/33 230/452/33 232/454/33 231/455/33
f 231/455/34 232/454/34 234/456/34 233/457/34
f 233/457/35 234/456/35 236/458/35 235/459/35
f 235/459/36 236/458/36 238/460/36 237/461/36
f 237/461/37 238/460/37 240/462/37 239/463/37
f 239/463/38 240/462/38 242/464/38 241/465/38
f 241/465/39 242/464/39 244/466/39 243/467/39
f 243/467/40 244/466/40 246/468/40 245/469/40
f 245/469/41 246/468/41 248/470/41 247/471/41
f 247/471/42 248/470/42 250/472/42 249/473/42
f 249/473/43 250/472/43 252/474/43 251/475/43
f 251/475/44 252/474/44 254/476/44 253/477/44
f 253/477/45 254/476/45 256/478/45 255/479/45
f 255/479/46 256/478/46 258/480/46 257/481/46
f 257/481/47 258/480/47 260/482/47 259/483/47
f 259/483/48 260/482/48 262/484/48 261/485/48
f 261/485/49 262/484/49 264/486/49 263/487/49
f 263/487/50 264/486/50 266/488/50 265/489/50
f 265/489/51 266/488/51 268/490/51 267/491/51
f 267/491/52 268/490/52 270/492/52 269/493/52
f 269/493/53 270/492/53 272/494/53 271/495/53
f 271/495/54 272/494/54 274/496/54 273/497/54
f 273/497/55 274/496/55 276/498/55 275/499/55
f 275/499/56 276/498/56 278/500/56 277/501/56
f 220/502/57 218/503/57 280/504/57 278/505/57 276/506/57 274/507/57 272/508/57 270/509/57 268/510/57 266/511/57 264/512/57 262/513/57 260/514/57 258/515/57 256/516/57 254/517/57 252/518/57 250/519/57 248/520/57 246/521/57 244/522/57 242/523/57 240/524/57 238/525/57 236/526/57 234/527/57 232/528/57 230/529/57 228/530/57 226/531/57 224/532/57 222/533/57
f 277/501/58 278/500/58 280/534/58 279/535/58
f 279/535/59 280/534/59 218/536/59 217/537/59
f 217/538/60 219/539/60 221/540/60 223/541/60 225/542/60 227/543/60 229/544/60 231/545/60 233/546/60 235/547/60 237/548/60 239/549/60 241/550/60 243/551/60 245/552/60 247/553/60 249/554/60 251/555/60 253/556/60 255/557/60 257/558/60 259/559/60 261/560/60 263/561/60 265/562/60 267/563/60 269/564/60 271/565/60 273/566/60 275/567/60 277/568/60 279/569/60
f 281/570/27 282/571/27 284/572/27 283/573/27
f 283/573/28 284/572/28 286/574/28 285/575/28
f 285/575/29 286/574/29 288/576/29 287/577/29
f 287/577/30 288/576/30 290/578/30 289/579/30
f 289/579/31 290/578/31 292/580/31 291/581/31
f 291/581/32 292/580/32 294/582/32 293/583/32
f 293/583/33 294/582/33 296/584/33 295/585/33
f 295/585/34 296/584/34 298/586/34 297/587/34
f 297/587/35 298/586/35 300/588/35 299/589/35
f 299/589/36 300/588/36 302/590/36 301/591/36
f 301/591/37 302/590/37 304/592/37 303/593/37
f 303/593/38 304/592/38 306/594/38 305/595/38
f 305/595/39 306/594/39 308/596/39 307/597/39
f 307/597/40 308/596/40 310/598/40 309/599/40
f 309/599/41 310/598/41 312/600/41 311/601/41
f 311/601/42 312/600/42 314/602/42 313/603/42
f 313/603/43 314/602/43 316/604/43 315/605/43
f 315/605/44 316/604/44 318/606/44 317/607/44
f 317/607/45 318/606/45 320/608/45 319/609/45
f 319/609/46 320/608/46 322/610/46 321/611/46
f 321/611/47 322/610/47 324/612/47 323/613/47
f 323/613/48 324/612/48 326/614/48 325/615/48
f 325/615/49 326/614/49 328/616/49 327/617/49
f 327/617/50 328/616/50 330/618/50 329/619/50
f 329/619/51 330/618/51 332/620/51 331/621/51
f 331/621/52 332/620/52 334/622/52 333/623/52
f 333/623/53 334/622/53 336/624/53 335/625/53
f 335/625/54 336/624/54 338/626/54 337/627/54
f 337/627/55 338/626/55 340/628/55 339/629/55
f 339/629/56 340/628/56 342/630/56 341/631/56
f 284/632/57 282/633/57 344/634/57 342/635/57 340/636/57 338/637/57 336/638/57 334/639/57 332/640/57 330/641/57 328/642/57 326/643/57 324/644/57 322/645/57 320/646/57 318/647/57 316/648/57 314/649/57 312/650/57 310/651/57 308/652/57 306/653/57 304/654/57 302/655/57 300/656/57 298/657/57 296/658/57 294/659/57 292/660/57 290/661/57 288/662/57 286/663/57
f 341/631/58 342/630/58 344/664/58 343/665/58
f 343/665/59 344/664/59 282/666/59 281/667/59
f 281/668/60 283/669/60 285/670/60 287/671/60 289/672/60 291/673/60 293/674/60 295/675/60 297/676/60 299/677/60 301/678/60 303/679/60 305/680/60 307/681/60 309/682/60 311/683/60 313/684/60 315/685/60 317/686/60 319/687/60 321/688/60 323/689/60 325/690/60 327/691/60 329/692/60 331/693/60 333/694/60 335/695/60 337/696/60 339/697/60 341/698/60 343/699/60
f 345/700/27 346/701/27 348/702/27 347/703/27
f 347/703/28 348/702/28 350/704/28 349/705/28
f 349/705/29 350/704/29 352/706/29 351/707/29
f 351/707/30 352/706/30 354/708/30 353/709/30
f 353/709/31 354/708/31 356/710/31 355/711/31
f 355/711/32 356/710/32 358/712/32 357/713/32
f 357/713/33 358/712/33 360/714/33 359/715/33
f 359/715/34 360/714/34 362/716/34 361/717/34
f 361/717/35 362/716/35 364/718/35 363/719/35
f 363/719/36 364/718/36 366/720/36 365/721/36
f 365/721/37 366/720/37 368/722/37 367/723/37
f 367/723/38 368/722/38 370/724/38 369/725/38
f 369/725/39 370/724/39 372/726/39 371/727/39
f 371/727/40 372/726/40 374/728/40 373/729/40
f 373/729/41 374/728/41 376/730/41 375/731/41
f 375/731/42 376/730/42 378/732/42 377/733/42
f 377/733/43 378/732/43 380/734/43 379/735/43
f 379/735/44 380/734/44 382/736/44 381/737/44
f 381/737/45 382/736/45 384/738/45 383/739/45
f 383/739/46 384/738/46 386/740/46 385/741/46
f 385/741/47 386/740/47 388/742/47 387/743/47
f 387/743/48 388/742/48 390/744/48 389/745/48
f 389/745/49 390/744/49 392/746/49 391/747/49
f 391/747/50 392/746/50 394/748/50 393/749/50
f 393/749/51 394/748/51 396/750/51 395/751/51
f 395/751/52 396/750/52 398/752/52 397/753/52
f 397/753/53 398/752/53 400/754/53 399/755/53
f 399/755/54 400/754/54 402/756/54 401/757/54
f 401/757/55 402/756/55 404/758/55 403/759/55
f 403/759/56 404/758/56 406/760/56 405/761/56
f 348/762/57 346/763/57 408/764/57 406/765/57 404/766/57 402/767/57 400/768/57 398/769/57 396/770/57 394/771/57 392/772/57 390/773/57 388/774/57 386/775/57 384/776/57 382/777/57 380/778/57 378/779/57 376/780/57 374/781/57 372/782/57 370/783/57 368/784/57 366/785/57 364/786/57 362/787/57 360/788/57 358/789/57 356/790/57 354/791/57 352/792/57 350/793/57
f 405/761/58 406/760/58 408/794/58 407/795/58
f 407/795/59 408/794/59 346/796/59 345/797/59
f 345/798/60 347/799/60 349/800/60 351/801/60 353/802/60 355/803/60 357/804/60 359/805/60 361/806/60 363/807/60 365/808/60 367/809/60 369/810/60 371/811/60 373/812/60 375/813/60 377/814/60 379/815/60 381/816/60 383/817/60 385/818/60 387/819/60 389/820/60 391/821/60 393/822/60 395/823/60 397/824/60 399/825/60 401/826/60 403/827/60 405/828/60 407/829/60
f 409/830/27 410/831/27 412/832/27 411/833/27
f 411/833/28 412/832/28 414/834/28 413/835/28
f 413/835/29 414/834/29 416/836/29 415/837/29
f 415/837/30 416/836/30 418/838/30 417/839/30
f 417/839/31 418/838/31 420/840/31 419/841/31
f 419/841/32 420/840/32 422/842/32 421/843/32
f 421/843/33 422/842/33 424/844/33 423/845/33
f 423/845/34 424/844/34 426/846/34 425/847/34
f 425/847/35 426/846/35 428/848/35 427/849/35
f 427/849/36 428/848/36 430/850/36 429/851/36
f 429/851/37 430/850/37 432/852/37 431/853/37
f 431/853/38 432/852/38 434/854/38 433/855/38
f 433/855/39 434/854/39 436/856/39 435/857/39
f 435/857/40 436/856/40 438/858/40 437/859/40
f 437/859/41 438/858/41 440/860/41 439/861/41
f 439/861/42 440/860/42 442/862/42 441/863/42
f 441/863/43 442/862/43 444/864/43 443/865/43
f 443/865/44 444/864/44 446/866/44 445/867/44
f 445/867/45 446/866/45 448/868/45 447/869/45
f 447/869/46 448/868/46 450/870/46 449/871/46
f 449/871/47 450/870/47 452/872/47 451/873/47
f 451/873/48 452/872/48 454/874/48 453/875/48
f 453/875/49 454/874/49 456/876/49 455/877/49
f 455/877/50 456/876/50 458/878/50 457/879/50
f 457/879/51 458/878/51 460/880/51 459/881/51
f 459/881/52 460/880/52 462/882/52 461/883/52
f 461/883/53 462/882/53 464/884/53 463/885/53
f 463/885/54 464/884/54 466/886/54 465/887/54
f 465/887/55 466/886/55 468/888/55 467/889/55
f 467/889/56 468/888/56 470/890/56 469/891/56
f 412/892/57 410/893/57 472/894/57 470/895/57 468/896/57 466/897/57 464/898/57 462/899/57 460/900/57 458/901/57 456/902/57 454/903/57 452/904/57 450/905/57 448/906/57 446/907/57 444/908/57 442/909/57 440/910/57 438/911/57 436/912/57 434/913/57 432/914/57 430/915/57 428/916/57 426/917/57 424/918/57 422/919/57 420/920/57 418/921/57 416/922/57 414/923/57
f 469/891/58 470/890/58 472/924/58 471/925/58
f 471/925/59 472/924/59 410/926/59 409/927/59
f 409/928/60 411/929/60 413/930/60 415/931/60 417/932/60 419/933/60 421/934/60 423/935/60 425/936/60 427/937/60 429/938/60 431/939/60 433/940/60 435/941/60 437/942/60 439/943/60 441/944/60 443/945/60 445/946/60 447/947/60 449/948/60 451/949/60 453/950/60 455/951/60 457/952/60 459/953/60 461/954/60 463/955/60 465/956/60 467/957/60 469/958/60 471/959/60
f 473/960/61 474/961/61 476/962/61 475/963/61
f 475/963/62 476/962/62 478/964/62 477/965/62
f 477/965/63 478/964/63 480/966/63 479/967/63
f 479/967/64 480/966/64 482/968/64 481/969/64
f 481/969/65 482/968/65 484/970/65 483/971/65
f 483/971/66 484/970/66 486/972/66 485/973/66
f 485/973/67 486/972/67 488/974/67 487/975/67
f 487/975/68 488/974/68 490/976/68 489/977/68
f 489/977/69 490/976/69 492/978/69 491/979/69
f 491/979/70 492/978/70 494/980/70 493/981/70
f 493/981/71 494/980/71 496/982/71 495/983/71
f 495/983/72 496/982/72 498/984/72 497/985/72
f 497/985/73 498/984/73 500/986/73 499/987/73
f 499/987/74 500/986/74 502/988/74 501/989/74
f 501/989/75 502/988/75 504/990/75 503/991/75
f 503/991/76 504/990/76 506/992/76 505/993/76
f 505/993/77 506/992/77 508/994/77 507/995/77
f 507/995/78 508/994/78 510/996/78 509/997/78
f 509/997/79 510/996/79 512/998/79 511/999/79
f 511/999/80 512/998/80 514/1000/80 513/1001/80
f 513/1001/81 514/1000/81 516/1002/81 515/1003/81
f 515/1003/82 516/1002/82 518/1004/82 517/1005/82
f 517/1005/83 518/1004/83 520/1006/83 519/1007/83
f 519/1007/84 520/1006/84 522/1008/84 521/1009/84
f 521/1009/85 522/1008/85 524/1010/85 523/1011/85
f 523/1011/86 524/1010/86 526/1012/86 525/1013/86
f 525/1013/87 526/1012/87 528/1014/87 527/1015/87
f 527/1015/88 528/1014/88 530/1016/88 529/1017/88
f 529/1017/89 530/1016/89 532/1018/89 531/1019/89
f 531/1019/90 532/1018/90 534/1020/90 533/1021/90
f 476/1022/91 474/1023/91 536/1024/91 534/1025/91 532/1026/91 530/1027/91 528/1028/91 526/1029/91 524/1030/91 522/1031/91 520/1032/91 518/1033/91 516/1034/91 514/1035/91 512/1036/91 510/1037/91 508/1038/91 506/1039/91 504/1040/91 502/1041/91 500/1042/91 498/1043/91 496/1044/91 494/1045/91 492/1046/91 490/1047/91 488/1048/91 486/1049/91 484/1050/91 482/1051/91 480/1052/91 478/1053/91
f 533/1021/92 534/1020/92 536/1054/92 535/1055/92
f 535/1055/93 536/1054/93 474/1056/93 473/1057/93
f 473/1058/94 475/1059/94 477/1060/94 479/1061/94 481/1062/94 483/1063/94 485/1064/94 487/1065/94 489/1066/94 491/1067/94 493/1068/94 495/1069/94 497/1070/94 499/1071/94 501/1072/94 503/1073/94 505/1074/94 507/1075/94 509/1076/94 511/1077/94 513/1078/94 515/1079/94 517/1080/94 519/1081/94 521/1082/94 523/1083/94 525/1084/94 527/1085/94 529/1086/94 531/1087/94 533/1088/94 535/1089/94
f 537/1090/61 538/1091/61 540/1092/61 539/1093/61
f 539/1093/62 540/1092/62 542/1094/62 541/1095/62
f 541/1095/63 542/1094/63 544/1096/63 543/1097/63
f 543/1097/64 544/1096/64 546/1098/64 545/1099/64
f 545/1099/65 546/1098/65 548/1100/65 547/1101/65
f 547/1101/66 548/1100/66 550/1102/66 549/1103/66
f 549/1103/67 550/1102/67 552/1104/67 551/1105/67
f 551/1105/68 552/1104/68 554/1106/68 553/1107/68
f 553/1107/69 554/1106/69 556/1108/69 555/1109/69
f 555/1109/70 556/1108/70 558/1110/70 557/1111/70
f 557/1111/71 558/1110/71 560/1112/71 559/1113/71
f 559/1113/72 560/1112/72 562/1114/72 561/1115/72
f 561/1115/73 562/1114/73 564/1116/73 563/1117/73
f 563/1117/74 564/1116/74 566/1118/74 565/1119/74
f 565/1119/75 566/1118/75 568/1120/75 567/1121/75
f 567/1121/76 568/1120/76 570/1122/76 569/1123/76
f 569/1123/77 570/1122/77 572/1124/77 571/1125/77
f 571/1125/78 572/1124/78 574/1126/78 573/1127/78
f 573/1127/79 574/1126/79 576/1128/79 575/1129/79
f 575/1129/80 576/1128/80 578/1130/80 577/1131/80
f 577/1131/81 578/1130/81 580/1132/81 579/1133/81
f 579/1133/82 580/1132/82 582/1134/82 581/1135/82
f 581/1135/83 582/1134/83 584/1136/83 583/1137/83
f 583/1137/84 584/1136/84 586/1138/84 585/1139/84
f 585/1139/85 586/1138/85 588/1140/85 587/1141/85
f 587/1141/86 588/1140/86 590/1142/86 589/1143/86
f 589/1143/87 590/1142/87 592/1144/87 591/1145/87
f 591/1145/88 592/1144/88 594/1146/88 593/1147/88
f 593/1147/89 594/1146/89 596/1148/89 595/1149/89
f 595/1149/90 596/1148/90 598/1150/90 597/1151/90
f 540/1152/91 538/1153/91 600/1154/91 598/1155/91 596/1156/91 594/1157/91 592/1158/91 590/1159/91 588/1160/91 586/1161/91 584/1162/91 582/1163/91 580/1164/91 578/1165/91 576/1166/91 574/1167/91 572/1168/91 570/1169/91 568/1170/91 566/1171/91 564/1172/91 562/1173/91 560/1174/91 558/1175/91 556/1176/91 554/1177/91 552/1178/91 550/1179/91 548/1180/91 546/1181/91 544/1182/91 542/1183/91
f 597/1151/92 598/1150/92 600/1184/92 599/1185/92
f 599/1185/93 600/1184/93 538/1186/93 537/1187/93
f 537/1188/94 539/1189/94 541/1190/94 543/1191/94 545/1192/94 547/1193/94 549/1194/94 551/1195/94 553/1196/94 555/1197/94 557/1198/94 559/1199/94 561/1200/94 563/1201/94 565/1202/94 567/1203/94 569/1204/94 571/1205/94 573/1206/94 575/1207/94 577/1208/94 579/1209/94 581/1210/94 583/1211/94 585/1212/94 587/1213/94 589/1214/94 591/1215/94 593/1216/94 595/1217/94 597/1218/94 599/1219/94
f 601/1220/61 602/1221/61 604/1222/61 603/1223/61
f 603/1223/62 604/1222/62 606/1224/62 605/1225/62
f 605/1225/63 606/1224/63 608/1226/63 607/1227/63
f 607/1227/64 608/1226/64 610/1228/64 609/1229/64
f 609/1229/65 610/1228/65 612/1230/65 611/1231/65
f 611/1231/66 612/1230/66 614/1232/66 613/1233/66
f 613/1233/67 614/1232/67 616/1234/67 615/1235/67
f 615/1235/68 616/1234/68 618/1236/68 617/1237/68
f 617/1237/69 618/1236/69 620/1238/69 619/1239/69
f 619/1239/70 620/1238/70 622/1240/70 621/1241/70
f 621/1241/71 622/1240/71 624/1242/71 623/1243/71
f 623/1243/72 624/1242/72 626/1244/72 625/1245/72
f 625/1245/73 626/1244/73 628/1246/73 627/1247/73
f 627/1247/74 628/1246/74 630/1248/74 629/1249/74
f 629/1249/75 630/1248/75 632/1250/75 631/1251/75
f 631/1251/76 632/1250/76 634/1252/76 633/1253/76
f 633/1253/77 634/1252/77 636/1254/77 635/1255/77
f 635/1255/78 636/1254/78 638/1256/78 637/1257/78
f 637/1257/79 638/1256/79 640/1258/79 639/1259/79
f 639/1259/80 640/1258/80 642/1260/80 641/1261/80
f 641/1261/81 642/1260/81 644/1262/81 643/1263/81
f 643/1263/82 644/1262/82 646/1264/82 645/1265/82
f 645/1265/83 646/1264/83 648/1266/83 647/1267/83
f 647/1267/84 648/1266/84 650/1268/84 649/1269/84
f 649/1269/85 650/1268/85 652/1270/85 651/1271/85
f 651/1271/86 652/1270/86 654/1272/86 653/1273/86
f 653/1273/87 654/1272/87 656/1274/87 655/1275/87
f 655/1275/88 656/1274/88 658/1276/88 657/1277/88
f 657/1277/89 658/1276/89 660/1278/89 659/1279/89
f 659/1279/90 660/1278/90 662/1280/90 661/1281/90
f 604/1282/91 602/1283/91 664/1284/91 662/1285/91 660/1286/91 658/1287/91 656/1288/91 654/1289/91 652/1290/91 650/1291/91 648/1292/91 646/1293/91 644/1294/91 642/1295/91 640/1296/91 638/1297/91 636/1298/91 634/1299/91 632/1300/91 630/1301/91 628/1302/91 626/1303/91 624/1304/91 622/1305/91 620/1306/91 618/1307/91 616/1308/91 614/1309/91 612/1310/91 610/1311/91 608/1312/91 606/1313/91
f 661/1281/92 662/1280/92 664/1314/92 663/1315/92
f 663/1315/93 664/1314/93 602/1316/93 601/1317/93
f 601/1318/94 603/1319/94 605/1320/94 607/1321/94 609/1322/94 611/1323/94 613/1324/94 615/1325/94 617/1326/94 619/1327/94 621/1328/94 623/1329/94 625/1330/94 627/1331/94 629/1332/94 631/1333/94 633/1334/94 635/1335/94 637/1336/94 639/1337/94 641/1338/94 643/1339/94 645/1340/94 647/1341/94 649/1342/94 651/1343/94 653/1344/94 655/1345/94 657/1346/94 659/1347/94 661/1348/94 663/1349/94
f 665/1350/61 666/1351/61 668/1352/61 667/1353/61
f 667/1353/62 668/1352/62 670/1354/62 669/1355/62
f 669/1355/63 670/1354/63 672/1356/63 671/1357/63
f 671/1357/64 672/1356/64 674/1358/64 673/1359/64
f 673/1359/65 674/1358/65 676/1360/65 675/1361/65
f 675/1361/66 676/1360/66 678/1362/66 677/1363/66
f 677/1363/67 678/1362/67 680/1364/67 679/1365/67
f 679/1365/68 680/1364/68 682/1366/68 681/1367/68
f 681/1367/69 682/1366/69 684/1368/69 683/1369/69
f 683/1369/70 684/1368/70 686/1370/70 685/1371/70
f 685/1371/71 686/1370/71 688/1372/71 687/1373/71
f 687/1373/72 688/1372/72 690/1374/72 689/1375/72
f 689/1375/73 690/1374/73 692/1376/73 691/1377/73
f 691/1377/74 692/1376/74 694/1378/74 693/1379/74
f 693/1379/75 694/1378/75 696/1380/75 695/1381/75
f 695/1381/76 696/1380/76 698/1382/76 697/1383/76
f 697/1383/77 698/1382/77 700/1384/77 699/1385/77
f 699/1385/78 700/1384/78 702/1386/78 701/1387/78
f 701/1387/79 702/1386/79 704/1388/79 703/1389/79
f 703/1389/80 704/1388/80 706/1390/80 705/1391/80
f 705/1391/81 706/1390/81 708/1392/81 707/1393/81
f 707/1393/82 708/1392/82 710/1394/82 709/1395/82
f 709/1395/83 710/1394/83 712/1396/83 711/1397/83
f 711/1397/84 712/1396/84 714/1398/84 713/1399/84
f 713/1399/85 714/1398/85 716/1400/85 715/1401/85
f 715/1401/86 716/1400/86 718/1402/86 717/1403/86
f 717/1403/87 718/1402/87 720/1404/87 719/1405/87
f 719/1405/88 720/1404/88 722/1406/88 721/1407/88
f 721/1407/89 722/1406/89 724/1408/89 723/1409/89
f 723/1409/90 724/1408/90 726/1410/90 725/1411/90
f 668/1412/91 666/1413/91 728/1414/91 726/1415/91 724/1416/91 722/1417/91 720/1418/91 718/1419/91 716/1420/91 714/1421/91 712/1422/91 710/1423/91 708/1424/91 706/1425/91 704/1426/91 702/1427/91 700/1428/91 698/1429/91 696/1430/91 694/1431/91 692/1432/91 690/1433/91 688/1434/91 686/1435/91 684/1436/91 682/1437/91 680/1438/91 678/1439/91 676/1440/91 674/1441/91 672/1442/91 670/1443/91
f 725/1411/92 726/1410/92 728/1444/92 727/1445/92
f 727/1445/93 728/1444/93 666/1446/93 665/1447/93
f 665/1448/94 667/1449/94 669/1450/94 671/1451/94 673/1452/94 675/1453/94 677/1454/94 679/1455/94 681/1456/94 683/1457/94 685/1458/94 687/1459/94 689/1460/94 691/1461/94 693/1462/94 695/1463/94 697/1464/94 699/1465/94 701/1466/94 703/1467/94 705/1468/94 707/1469/94 709/1470/94 711/1471/94 713/1472/94 715/1473/94 717/1474/94 719/1475/94 721/1476/94 723/1477/94 725/1478/94 727/1479/94
f 729/1480/61 730/1481/61 732/1482/61 731/1483/61
f 731/1483/62 732/1482/62 734/1484/62 733/1485/62
f 733/1485/63 734/1484/63 736/1486/63 735/1487/63
f 735/1487/64 736/1486/64 738/1488/64 737/1489/64
f 737/1489/65 738/1488/65 740/1490/65 739/1491/65
f 739/1491/66 740/1490/66 742/1492/66 741/1493/66
f 741/1493/67 742/1492/67 744/1494/67 743/1495/67
f 743/1495/68 744/1494/68 746/1496/68 745/1497/68
f 745/1497/69 746/1496/69 748/1498/69 747/1499/69
f 747/1499/70 748/1498/70 750/1500/70 749/1501/70
f 749/1501/71 750/1500/71 752/1502/71 751/1503/71
f 751/1503/72 752/1502/72 754/1504/72 753/1505/72
f 753/1505/73 754/1504/73 756/1506/73 755/1507/73
f 755/1507/74 756/1506/74 758/1508/74 757/1509/74
f 757/1509/75 758/1508/75 760/1510/75 759/1511/75
f 759/1511/76 760/1510/76 762/1512/76 761/1513/76
f 761/1513/77 762/1512/77 764/1514/77 763/1515/77
f 763/1515/78 764/1514/78 766/1516/78 765/1517/78
f 765/1517/79 766/1516/79 768/1518/79 767/1519/79
f 767/1519/80 768/1518/80 770/1520/80 769/1521/80
f 769/1521/81 770/1520/81 772/1522/81 771/1523/81
f 771/1523/82 772/1522/82 774/1524/82 773/1525/82
f 773/1525/83 774/1524/83 776/1526/83 775/1527/83
f 775/1527/84 776/1526/84 778/1528/84 777/1529/84
f 777/1529/85 778/1528/85 780/1530/85 779/1531/85
f 779/1531/86 780/1530/86 782/1532/86 781/1533/86
f 781/1533/87 782/1532/87 784/1534/87 783/1535/87
f 783/1535/88 784/1534/88 786/1536/88 785/1537/88
f 785/1537/89 786/1536/89 788/1538/89 787/1539/89
f 787/1539/90 788/1538/90 790/1540/90 789/1541/90
f 732/1542/91 730/1543/91 792/1544/91 790/1545/91 788/1546/91 786/1547/91 784/1548/91 782/1549/91 780/1550/91 778/1551/91 776/1552/91 774/1553/91 772/1554/91 770/1555/91 768/1556/91 766/1557/91 764/1558/91 762/1559/91 760/1560/91 758/1561/91 756/1562/91 754/1563/91 752/1564/91 750/1565/91 748/1566/91 746/1567/91 744/1568/91 742/1569/91 740/1570/91 738/1571/91 736/1572/91 734/1573/91
f 789/1541/92 790/1540/92 792/1574/92 791/1575/92
f 791/1575/93 792/1574/93 730/1576/93 729/1577/93
f 729/1578/94 731/1579/94 733/1580/94 735/1581/94 737/1582/94 739/1583/94 741/1584/94 743/1585/94 745/1586/94 747/1587/94 749/1588/94 751/1589/94 753/1590/94 755/1591/94 757/1592/94 759/1593/94 761/1594/94 763/1595/94 765/1596/94 767/1597/94 769/1598/94 771/1599/94 773/1600/94 775/1601/94 777/1602/94 779/1603/94 781/1604/94 783/1605/94 785/1606/94 787/1607/94 789/1608/94 791/1609/94
f 793/1610/61 794/1611/61 796/1612/61 795/1613/61
f 795/1613/62 796/1612/62 798/1614/62 797/1615/62
f 797/1615/63 798/1614/63 800/1616/63 799/1617/63
f 799/1617/64 800/1616/64 802/1618/64 801/1619/64
f 801/1619/65 802/1618/65 804/1620/65 803/1621/65
f 803/1621/66 804/1620/66 806/1622/66 805/1623/66
f 805/1623/67 806/1622/67 808/1624/67 807/1625/67
f 807/1625/68 808/1624/68 810/1626/68 809/1627/68
f 809/1627/69 810/1626/69 812/1628/69 811/1629/69
f 811/1629/70 812/1628/70 814/1630/70 813/1631/70
f 813/1631/71 814/1630/71 816/1632/71 815/1633/71
f 815/1633/72 816/1632/72 818/1634/72 817/1635/72
f 817/1635/73 818/1634/73 820/1636/73 819/1637/73
f 819/1637/74 820/1636/74 822/1638/74 821/1639/74
f 821/1639/75 822/1638/75 824/1640/75 823/1641/75
f 823/1641/76 824/1640/76 826/1642/76 825/1643/76
f 825/1643/77 826/1642/77 828/1644/77 827/1645/77
f 827/1645/78 828/1644/78 830/1646/78 829/1647/78
f 829/1647/79 830/1646/79 832/1648/79 831/1649/79
f 831/1649/80 832/1648/80 834/1650/80 833/1651/80
f 833/1651/81 834/1650/81 836/1652/81 835/1653/81
f 835/1653/82 836/1652/82 838/1654/82 837/1655/82
f 837/1655/83 838/1654/83 840/1656/83 839/1657/83
f 839/1657/84 840/1656/84 842/1658/84 841/1659/84
f 841/1659/85 842/1658/85 844/1660/85 843/1661/85
f 843/1661/86 844/1660/86 846/1662/86 845/1663/86
f 845/1663/87 846/1662/87 848/1664/87 847/1665/87
f 847/1665/88 848/1664/88 850/1666/88 849/1667/88
f 849/1667/89 850/1666/89 852/1668/89 851/1669/89
f 851/1669/90 852/1668/90 854/1670/90 853/1671/90
f 796/1672/91 794/1673/91 856/1674/91 854/1675/91 852/1676/91 850/1677/91 848/1678/91 846/1679/91 844/1680/91 842/1681/91 840/1682/91 838/1683/91 836/1684/91 834/1685/91 832/1686/91 830/1687/91 828/1688/91 826/1689/91 824/1690/91 822/1691/91 820/1692/91 818/1693/91 816/1694/91 814/1695/91 812/1696/91 810/1697/91 808/1698/91 806/1699/91 804/1700/91 802/1701/91 800/1702/91 798/1703/91
f 853/1671/92 854/1670/92 856/1704/92 855/1705/92
f 855/1705/93 856/1704/93 794/1706/93 793/1707/93
f 793/1708/94 795/1709/94 797/1710/94 799/1711/94 801/1712/94 803/1713/94 805/1714/94 807/1715/94 809/1716/94 811/1717/94 813/1718/94 815/1719/94 817/1720/94 819/1721/94 821/1722/94 823/1723/94 825/1724/94 827/1725/94 829/1726/94 831/1727/94 833/1728/94 835/1729/94 837/1730/94 839/1731/94 841/1732/94 843/1733/94 845/1734/94 847/1735/94 849/1736/94 851/1737/94 853/1738/94 855/1739/94
f 857/1740/61 858/1741/61 860/1742/61 859/1743/61
f 859/1743/62 860/1742/62 862/1744/62 861/1745/62
f 861/1745/63 862/1744/63 864/1746/63 863/1747/63
f 863/1747/64 864/1746/64 866/1748/64 865/1749/64
f 865/1749/65 866/1748/65 868/1750/65 867/1751/65
f 867/1751/66 868/1750/66 870/1752/66 869/1753/66
f 869/1753/67 870/1752/67 872/1754/67 871/1755/67
f 871/1755/68 872/1754/68 874/1756/68 873/1757/68
f 873/1757/69 874/1756/69 876/1758/69 875/1759/69
f 875/1759/70 876/1758/70 878/1760/70 877/1761/70
f 877/1761/71 878/1760/71 880/1762/71 879/1763/71
f 879/1763/72 880/1762/72 882/1764/72 881/1765/72
f 881/1765/73 882/1764/73 884/1766/73 883/1767/73
f 883/1767/74 884/1766/74 886/1768/74 885/1769/74
f 885/1769/75 886/1768/75 888/1770/75 887/1771/75
f 887/1771/76 888/1770/76 890/1772/76 889/1773/76
f 889/1773/77 890/1772/77 892/1774/77 891/1775/77
f 891/1775/78 892/1774/78 894/1776/78 893/1777/78
f 893/1777/79 894/1776/79 896/1778/79 895/1779/79
f 895/1779/80 896/1778/80 898/1780/80 897/1781/80
f 897/1781/81 898/1780/81 900/1782/81 899/1783/81
f 899/1783/82 900/1782/82 902/1784/82 901/1785/82
f 901/1785/83 902/1784/83 904/1786/83 903/1787/83
f 903/1787/84 904/1786/84 906/1788/84 905/1789/84
f 905/1789/85 906/1788/85 908/1790/85 907/1791/85
f 907/1791/86 908/1790/86 910/1792/86 909/1793/86
f 909/1793/87 910/1792/87 912/1794/87 911/1795/87
f 911/1795/88 912/1794/88 914/1796/88 913/1797/88
f 913/1797/89 914/1796/89 916/1798/89 915/1799/89
f 915/1799/90 916/1798/90 918/1800/90 917/1801/90
f 860/1802/91 858/1803/91 920/1804/91 918/1805/91 916/1806/91 914/1807/91 912/1808/91 910/1809/91 908/1810/91 906/1811/91 904/1812/91 902/1813/91 900/1814/91 898/1815/91 896/1816/91 894/1817/91 892/1818/91 890/1819/91 888/1820/91 886/1821/91 884/1822/91 882/1823/91 880/1824/91 878/1825/91 876/1826/91 874/1827/91 872/1828/91 870/1829/91 868/1830/91 866/1831/91 864/1832/91 862/1833/91
f 917/1801/92 918/1800/92 920/1834/92 919/1835/92
f 919/1835/93 920/1834/93 858/1836/93 857/1837/93
f 857/1838/94 859/1839/94 861/1840/94 863/1841/94 865/1842/94 867/1843/94 869/1844/94 871/1845/94 873/1846/94 875/1847/94 877/1848/94 879/1849/94 881/1850/94 883/1851/94 885/1852/94 887/1853/94 889/1854/94 891/1855/94 893/1856/94 895/1857/94 897/1858/94 899/1859/94 901/1860/94 903/1861/94 905/1862/94 907/1863/94 909/1864/94 911/1865/94 913/1866/94 915/1867/94 917/1868/94 919/1869/94
f 921/1870/95 922/1871/95 924/1872/95 923/1873/95
f 923/1873/96 924/1872/96 926/1874/96 925/1875/96
f 925/1875/97 926/1874/97 928/1876/97 927/1877/97
f 927/1877/98 928/1876/98 930/1878/98 929/1879/98
f 929/1879/99 930/1878/99 932/1880/99 931/1881/99
f 931/1881/100 932/1880/100 934/1882/100 933/1883/100
f 933/1883/101 934/1882/101 936/1884/101 935/1885/101
f 935/1885/102 936/1884/102 938/1886/102 937/1887/102
f 937/1887/103 938/1886/103 940/1888/103 939/1889/103
f 939/1889/104 940/1888/104 942/1890/104 941/1891/104
f 941/1891/105 942/1890/105 944/1892/105 943/1893/105
f 943/1893/106 944/1892/106 946/1894/106 945/1895/106
f 945/1895/107 946/1894/107 948/1896/107 947/1897/107
f 947/1897/108 948/1896/108 950/1898/108 949/1899/108
f 949/1899/109 950/1898/109 952/1900/109 951/1901/109
f 951/1901/110 952/1900/110 954/1902/110 953/1903/110
f 953/1903/111 954/1902/111 956/1904/111 955/1905/111
f 955/1905/112 956/1904/112 958/1906/112 957/1907/112
f 957/1907/113 958/1906/113 960/1908/113 959/1909/113
f 959/1909/114 960/1908/114 962/1910/114 961/1911/114
f 961/1911/115 962/1910/115 964/1912/115 963/1913/115
f 963/1913/116 964/1912/116 966/1914/116 965/1915/116
f 965/1915/117 966/1914/117 968/1916/117 967/1917/117
f 967/1917/118 968/1916/118 970/1918/118 969/1919/118
f 969/1919/119 970/1918/119 972/1920/119 971/1921/119
f 971/1921/120 972/1920/120 974/1922/120 973/1923/120
f 973/1923/121 974/1922/121 976/1924/121 975/1925/121
f 975/1925/122 976/1924/122 978/1926/122 977/1927/122
f 977/1927/123 978/1926/123 980/1928/123 979/1929/123
f 979/1929/124 980/1928/124 982/1930/124 981/1931/124
f 924/1932/125 922/1933/125 984/1934/125 982/1935/125 980/1936/125 978/1937/125 976/1938/125 974/1939/125 972/1940/125 970/1941/125 968/1942/125 966/1943/125 964/1944/125 962/1945/125 960/1946/125 958/1947/125 956/1948/125 954/1949/125 952/1950/125 950/1951/125 948/1952/125 946/1953/125 944/1954/125 942/1955/125 940/1956/125 938/1957/125 936/1958/125 934/1959/125 932/1960/125 930/1961/125 928/1962/125 926/1963/125
f 981/1931/126 982/1930/126 984/1964/126 983/1965/126
f 983/1965/127 984/1964/127 922/1966/127 921/1967/127
f 921/1968/128 923/1969/128 925/1970/128 927/1971/128 929/1972/128 931/1973/128 933/1974/128 935/1975/128 937/1976/128 939/1977/128 941/1978/128 943/1979/128 945/1980/128 947/1981/128 949/1982/128 951/1983/128 953/1984/128 955/1985/128 957/1986/128 959/1987/128 961/1988/128 963/1989/128 965/1990/128 967/1991/128 969/1992/128 971/1993/128 973/1994/128 975/1995/128 977/1996/128 979/1997/128 981/1998/128 983/1999/128
f 985/2000/95 986/2001/95 988/2002/95 987/2003/95
f 987/2003/96 988/2002/96 990/2004/96 989/2005/96
f 989/2005/97 990/2004/97 992/2006/97 991/2007/97
f 991/2007/98 992/2006/98 994/2008/98 993/2009/98
f 993/2009/99 994/2008/99 996/2010/99 995/2011/99
f 995/2011/100 996/2010/100 998/2012/100 997/2013/100
f 997/2013/101 998/2012/101 1000/2014/101 999/2015/101
f 999/2015/102 1000/2014/102 1002/2016/102 1001/2017/102
f 1001/2017/103 1002/2016/103 1004/2018/103 1003/2019/103
f 1003/2019/104 1004/2018/104 1006/2020/104 1005/2021/104
f 1005/2021/105 1006/2020/105 1008/2022/105 1007/2023/105
f 1007/2023/106 1008/2022/106 1010/2024/106 1009/2025/106
f 1009/2025/107 1010/2024/107 1012/2026/107 1011/2027/107
f 1011/2027/108 1012/2026/108 1014/2028/108 1013/2029/108
f 1013/2029/109 1014/2028/109 1016/2030/109 1015/2031/109
f 1015/2031/110 1016/2030/110 1018/2032/110 1017/2033/110
f 1017/2033/111 1018/2032/111 1020/2034/111 1019/2035/111
f 1019/2035/112 1020/2034/112 1022/2036/112 1021/2037/112
f 1021/2037/113 1022/2036/113 1024/2038/113 1023/2039/113
f 1023/2039/114 1024/2038/114 1026/2040/114 1025/2041/114
f 1025/2041/115 1026/2040/115 1028/2042/115 1027/2043/115
f 1027/2043/116 1028/2042/116 1030/2044/116 1029/2045/116
f 1029/2045/117 1030/2044/117 1032/2046/117 1031/2047/117
f 1031/2047/118 1032/2046/118 1034/2048/118 1033/2049/118
f 1033/2049/119 1034/2048/119 1036/2050/119 1035/2051/119
f 1035/2051/120 1036/2050/120 1038/2052/120 1037/2053/120
f 1037/2053/121 1038/2052/121 1040/2054/121 1039/2055/121
f 1039/2055/122 1040/2054/122 1042/2056/122 1041/2057/122
f 1041/2057/123 1042/2056/123 1044/2058/123 1043/2059/123
f 1043/2059/124 1044/2058/124 1046/2060/124 1045/2061/124
f 988/2062/125 986/2063/125 1048/2064/125 1046/2065/125 1044/2066/125 1042/2067/125 1040/2068/125 1038/2069/125 1036/2070/125 1034/2071/125 1032/2072/125 1030/2073/125 1028/2074/125 1026/2075/125 1024/2076/125 1022/2077/125 1020/2078/125 1018/2079/125 1016/2080/125 1014/2081/125 1012/2082/125 1010/2083/125 1008/2084/125 1006/2085/125 1004/2086/125 1002/2087/125 1000/2088/125 998/2089/125 996/2090/125 994/2091/125 992/2092/125 990/2093/125
f 1045/2061/126 1046/2060/126 1048/2094/126 1047/2095/126
f 1047/2095/127 1048/2094/127 986/2096/127 985/2097/127
f 985/2098/128 987/2099/128 989/2100/128 991/2101/128 993/2102/128 995/2103/128 997/2104/128 999/2105/128 1001/2106/128 1003/2107/128 1005/2108/128 1007/2109/128 1009/2110/128 1011/2111/128 1013/2112/128 1015/2113/128 1017/2114/128 1019/2115/128 1021/2116/128 1023/2117/128 1025/2118/128 1027/2119/128 1029/2120/128 1031/2121/128 1033/2122/128 1035/2123/128 1037/2124/128 1039/2125/128 1041/2126/128 1043/2127/128 1045/2128/128 1047/2129/128
f 1049/2130/95 1050/2131/95 1052/2132/95 1051/2133/95
f 1051/2133/96 1052/2132/96 1054/2134/96 1053/2135/96
f 1053/2135/97 1054/2134/97 1056/2136/97 1055/2137/97
f 1055/2137/98 1056/2136/98 1058/2138/98 1057/2139/98
f 1057/2139/99 1058/2138/99 1060/2140/99 1059/2141/99
f 1059/2141/100 1060/2140/100 1062/2142/100 1061/2143/100
f 1061/2143/101 1062/2142/101 1064/2144/101 1063/2145/101
f 1063/2145/102 1064/2144/102 1066/2146/102 1065/2147/102
f 1065/2147/103 1066/2146/103 1068/2148/103 1067/2149/103
f 1067/2149/104 1068/2148/104 1070/2150/104 1069/2151/104
f 1069/2151/105 1070/2150/105 1072/2152/105 1071/2153/105
f 1071/2153/106 1072/2152/106 1074/2154/106 1073/2155/106
f 1073/2155/107 1074/2154/107 1076/2156/107 1075/2157/107
f 1075/2157/108 1076/2156/108 1078/2158/108 1077/2159/108
f 1077/2159/109 1078/2158/109 1080/2160/109 1079/2161/109
f 1079/2161/110 1080/2160/110 1082/2162/110 1081/2163/110
f 1081/2163/111 1082/2162/111 1084/2164/111 1083/2165/111
f 1083/2165/112 1084/2164/112 1086/2166/112 1085/2167/112
f 1085/2167/113 1086/2166/113 1088/2168/113 1087/2169/113
f 1087/2169/114 1088/2168/114 1090/2170/114 1089/2171/114
f 1089/2171/115 1090/2170/115 1092/2172/115 1091/2173/115
f 1091/2173/116 1092/2172/116 1094/2174/116 1093/2175/116
f 1093/2175/117 1094/2174/117 1096/2176/117 1095/2177/117
f 1095/2177/118 1096/2176/118 1098/2178/118 1097/2179/118
f 1097/2179/119 1098/2178/119 1100/2180/119 1099/2181/119
f 1099/2181/120 1100/2180/120 1102/2182/120 1101/2183/120
f 1101/2183/121 1102/2182/121 1104/2184/121 1103/2185/121
f 1103/2185/122 1104/2184/122 1106/2186/122 1105/2187/122
f 1105/2187/123 1106/2186/123 1108/2188/123 1107/2189/123
f 1107/2189/124 1108/2188/124 1110/2190/124 1109/2191/124
f 1052/2192/125 1050/2193/125 1112/2194/125 1110/2195/125 1108/2196/125 1106/2197/125 1104/2198/125 1102/2199/125 1100/2200/125 1098/2201/125 1096/2202/125 1094/2203/125 1092/2204/125 1090/2205/125 1088/2206/125 1086/2207/125 1084/2208/125 1082/2209/125 1080/2210/125 1078/2211/125 1076/2212/125 1074/2213/125 1072/2214/125 1070/2215/125 1068/2216/125 1066/2217/125 1064/2218/125 1062/2219/125 1060/2220/125 1058/2221/125 1056/2222/125 1054/2223/125
f 1109/2191/126 1110/2190/126 1112/2224/126 1111/2225/126
f 1111/2225/127 1112/2224/127 1050/2226/127 1049/2227/127
f 1049/2228/128 1051/2229/128 1053/2230/128 1055/2231/128 1057/2232/128 1059/2233/128 1061/2234/128 1063/2235/128 1065/2236/128 1067/2237/128 1069/2238/128 1071/2239/128 1073/2240/128 1075/2241/128 1077/2242/128 1079/2243/128 1081/2244/128 1083/2245/128 1085/2246/128 1087/2247/128 1089/2248/128 1091/2249/128 1093/2250/128 1095/2251/128 1097/2252/128 1099/2253/128 1101/2254/128 1103/2255/128 1105/2256/128 1107/2257/128 1109/2258/128 1111/2259/128
f 1113/2260/95 1114/2261/95 1116/2262/95 1115/2263/95
f 1115/2263/96 1116/2262/96 1118/2264/96 1117/2265/96
f 1117/2265/97 1118/2264/97 1120/2266/97 1119/2267/97
f 1119/2267/98 1120/2266/98 1122/2268/98 1121/2269/98
f 1121/2269/99 1122/2268/99 1124/2270/99 1123/2271/99
f 1123/2271/100 1124/2270/100 1126/2272/100 1125/2273/100
f 1125/2273/101 1126/2272/101 1128/2274/101 1127/2275/101
f 1127/2275/102 1128/2274/102 1130/2276/102 1129/2277/102
f 1129/2277/103 1130/2276/103 1132/2278/103 1131/2279/103
f 1131/2279/104 1132/2278/104 1134/2280/104 1133/2281/104
f 1133/2281/105 1134/2280/105 1136/2282/105 1135/2283/105
f 1135/2283/106 1136/2282/106 1138/2284/106 1137/2285/106
f 1137/2285/107 1138/2284/107 1140/2286/107 1139/2287/107
f 1139/2287/108 1140/2286/108 1142/2288/108 1141/2289/108
f 1141/2289/109 1142/2288/109 1144/2290/109 1143/2291/109
f 1143/2291/110 1144/2290/110 1146/2292/110 1145/2293/110
f 1145/2293/111 1146/2292/111 1148/2294/111 1147/2295/111
f 1147/2295/112 1148/2294/112 1150/2296/112 1149/2297/112
f 1149/2297/113 1150/2296/113 1152/2298/113 1151/2299/113
f 1151/2299/114 1152/2298/114 1154/2300/114 1153/2301/114
f 1153/2301/115 1154/2300/115 1156/2302/115 1155/2303/115
f 1155/2303/116 1156/2302/116 1158/2304/116 1157/2305/116
f 1157/2305/117 1158/2304/117 1160/2306/117 1159/2307/117
f 1159/2307/118 1160/2306/118 1162/2308/118 1161/2309/118
f 1161/2309/119 1162/2308/119 1164/2310/119 1163/2311/119
f 1163/2311/120 1164/2310/120 1166/2312/120 1165/2313/120
f 1165/2313/121 1166/2312/121 1168/2314/121 1167/2315/121
f 1167/2315/122 1168/2314/122 1170/2316/122 1169/2317/122
f 1169/2317/123 1170/2316/123 1172/2318/123 1171/2319/123
f 1171/2319/124 1172/2318/124 1174/2320/124 1173/2321/124
f 1116/2322/125 1114/2323/125 1176/2324/125 1174/2325/125 1172/2326/125 1170/2327/125 1168/2328/125 1166/2329/125 1164/2330/125 1162/2331/125 1160/2332/125 1158/2333/125 1156/2334/125 1154/2335/125 1152/2336/125 1150/2337/125 1148/2338/125 1146/2339/125 1144/2340/125 1142/2341/125 1140/2342/125 1138/2343/125 1136/2344/125 1134/2345/125 1132/2346/125 1130/2347/125 1128/2348/125 1126/2349/125 1124/2350/125 1122/2351/125 1120/2352/125 1118/2353/125
f 1173/2321/126 1174/2320/126 1176/2354/126 1175/2355/126
f 1175/2355/127 1176/2354/127 1114/2356/127 1113/2357/127
f 1113/2358/128 1115/2359/128 1117/2360/128 1119/2361/128 1121/2362/128 1123/2363/128 1125/2364/128 1127/2365/128 1129/2366/128 1131/2367/128 1133/2368/128 1135/2369/128 1137/2370/128 1139/2371/128 1141/2372/128 1143/2373/128 1145/2374/128 1147/2375/128 1149/2376/128 1151/2377/128 1153/2378/128 1155/2379/128 1157/2380/128 1159/2381/128 1161/2382/128 1163/2383/128 1165/2384/128 1167/2385/128 1169/2386/128 1171/2387/128 1173/2388/128 1175/2389/128
f 1177/2390/95 1178/2391/95 1180/2392/95 1179/2393/95
f 1179/2393/96 1180/2392/96 1182/2394/96 1181/2395/96
f 1181/2395/97 1182/2394/97 1184/2396/97 1183/2397/97
f 1183/2397/98 1184/2396/98 1186/2398/98 1185/2399/98
f 1185/2399/99 1186/2398/99 1188/2400/99 1187/2401/99
f 1187/2401/100 1188/2400/100 1190/2402/100 1189/2403/100
f 1189/2403/101 1190/2402/101 1192/2404/101 1191/2405/101
f 1191/2405/102 1192/2404/102 1194/2406/102 1193/2407/102
f 1193/2407/103 1194/2406/103 1196/2408/103 1195/2409/103
f 1195/2409/104 1196/2408/104 1198/2410/104 1197/2411/104
f 1197/2411/105 1198/2410/105 1200/2412/105 1199/2413/105
f 1199/2413/106 1200/2412/106 1202/2414/106 1201/2415/106
f 1201/2415/107 1202/2414/107 1204/2416/107 1203/2417/107
f 1203/2417/108 1204/2416/108 1206/2418/108 1205/2419/108
f 1205/2419/109 1206/2418/109 1208/2420/109 1207/2421/109
f 1207/2421/110 1208/2420/110 1210/2422/110 1209/2423/110
f 1209/2423/111 1210/2422/111 1212/2424/111 1211/2425/111
f 1211/2425/112 1212/2424/112 1214/2426/112 1213/2427/112
f 1213/2427/113 1214/2426/113 1216/2428/113 1215/2429/113
f 1215/2429/114 1216/2428/114 1218/2430/114 1217/2431/114
f 1217/2431/115 1218/2430/115 1220/2432/115 1219/2433/115
f 1219/2433/116 1220/2432/116 1222/2434/116 1221/2435/116
f 1221/2435/117 1222/2434/117 1224/2436/117 1223/2437/117
f 1223/2437/118 1224/2436/118 1226/2438/118 1225/2439/118
f 1225/2439/119 1226/2438/119 1228/2440/119 1227/2441/119
f 1227/2441/120 1228/2440/120 1230/2442/120 1229/2443/120
f 1229/2443/121 1230/2442/121 1232/2444/121 1231/2445/121
f 1231/2445/122 1232/2444/122 1234/2446/122 1233/2447/122
f 1233/2447/123 1234/2446/123 1236/2448/123 1235/2449/123
f 1235/2449/124 1236/2448/124 1238/2450/124 1237/2451/124
f 1180/2452/125 1178/2453/125 1240/2454/125 1238/2455/125 1236/2456/125 1234/2457/125 1232/2458/125 1230/2459/125 1228/2460/125 1226/2461/125 1224/2462/125 1222/2463/125 1220/2464/125 1218/2465/125 1216/2466/125 1214/2467/125 1212/2468/125 1210/2469/125 1208/2470/125 1206/2471/125 1204/2472/125 1202/2473/125 1200/2474/125 1198/2475/125 1196/2476/125 1194/2477/125 1192/2478/125 1190/2479/125 1188/2480/125 1186/2481/125 1184/2482/125 1182/2483/125
f 1237/2451/126 1238/2450/126 1240/2484/126 1239/2485/126
f 1239/2485/127 1240/2484/127 1178/2486/127 1177/2487/127
f 1177/2488/128 1179/2489/128 1181/2490/128 1183/2491/128 1185/2492/128 1187/2493/128 1189/2494/128 1191/2495/128 1193/2496/128 1195/2497/128 1197/2498/128 1199/2499/128 1201/2500/128 1203/2501/128 1205/2502/128 1207/2503/128 1209/2504/128 1211/2505/128 1213/2506/128 1215/2507/128 1217/2508/128 1219/2509/128 1221/2510/128 1223/2511/128 1225/2512/128 1227/2513/128 1229/2514/128 1231/2515/128 1233/2516/128 1235/2517/128 1237/2518/128 1239/2519/128
f 1241/2520/95 1242/2521/95 1244/2522/95 1243/2523/95
f 1243/2523/96 1244/2522/96 1246/2524/96 1245/2525/96
f 1245/2525/97 1246/2524/97 1248/2526/97 1247/2527/97
f 1247/2527/98 1248/2526/98 1250/2528/98 1249/2529/98
f 1249/2529/99 1250/2528/99 1252/2530/99 1251/2531/99
f 1251/2531/100 1252/2530/100 1254/2532/100 1253/2533/100
f 1253/2533/101 1254/2532/101 1256/2534/101 1255/2535/101
f 1255/2535/102 1256/2534/102 1258/2536/102 1257/2537/102
f 1257/2537/103 1258/2536/103 1260/2538/103 1259/2539/103
f 1259/2539/104 1260/2538/104 1262/2540/104 1261/2541/104
f 1261/2541/105 1262/2540/105 1264/2542/105 1263/2543/105
f 1263/2543/106 1264/2542/106 1266/2544/106 1265/2545/106
f 1265/2545/107 1266/2544/107 1268/2546/107 1267/2547/107
f 1267/2547/108 1268/2546/108 1270/2548/108 1269/2549/108
f 1269/2549/109 1270/2548/109 1272/2550/109 1271/2551/109
f 1271/2551/110 1272/2550/110 1274/2552/110 1273/2553/110
f 1273/2553/111 1274/2552/111 1276/2554/111 1275/2555/111
f 1275/2555/112 1276/2554/112 1278/2556/112 1277/2557/112
f 1277/2557/113 1278/2556/113 1280/2558/113 1279/2559/113
f 1279/2559/114 1280/2558/114 1282/2560/114 1281/2561/114
f 1281/2561/115 1282/2560/115 1284/2562/115 1283/2563/115
f 1283/2563/116 1284/2562/116 1286/2564/116 1285/2565/116
f 1285/2565/117 1286/2564/117 1288/2566/117 1287/2567/117
f 1287/2567/118 1288/2566/118 1290/2568/118 1289/2569/118
f 1289/2569/119 1290/2568/119 1292/2570/119 1291/2571/119
f 1291/2571/120 1292/2570/120 1294/2572/120 1293/2573/120
f 1293/2573/121 1294/2572/121 1296/2574/121 1295/2575/121
f 1295/2575/122 1296/2574/122 1298/2576/122 1297/2577/122
f 1297/2577/123 1298/2576/123 1300/2578/123 1299/2579/123
f 1299/2579/124 1300/2578/124 1302/2580/124 1301/2581/124
f 1244/2582/125 1242/2583/125 1304/2584/125 1302/2585/125 1300/2586/125 1298/2587/125 1296/2588/125 1294/2589/125 1292/2590/125 1290/2591/125 1288/2592/125 1286/2593/125 1284/2594/125 1282/2595/125 1280/2596/125 1278/2597/125 1276/2598/125 1274/2599/125 1272/2600/125 1270/2601/125 1268/2602/125 1266/2603/125 1264/2604/125 1262/2605/125 1260/2606/125 1258/2607/125 1256/2608/125 1254/2609/125 1252/2610/125 1250/2611/125 1248/2612/125 1246/2613/125
f 1301/2581/126 1302/2580/126 1304/2614/126 1303/2615/126
f 1303/2615/127 1304/2614/127 1242/2616/127 1241/2617/127
f 1241/2618/128 1243/2619/128 1245/2620/128 1247/2621/128 1249/2622/128 1251/2623/128 1253/2624/128 1255/2625/128 1257/2626/128 1259/2627/128 1261/2628/128 1263/2629/128 1265/2630/128 1267/2631/128 1269/2632/128 1271/2633/128 1273/2634/128 1275/2635/128 1277/2636/128 1279/2637/128 1281/2638/128 1283/2639/128 1285/2640/128 1287/2641/128 1289/2642/128 1291/2643/128 1293/2644/128 1295/2645/128 1297/2646/128 1299/2647/128 1301/2648/128 1303/2649/128
f 1305/2650/95 1306/2651/95 1308/2652/95 1307/2653/95
f 1307/2653/96 1308/2652/96 1310/2654/96 1309/2655/96
f 1309/2655/97 1310/2654/97 1312/2656/97 1311/2657/97
f 1311/2657/98 1312/2656/98 1314/2658/98 1313/2659/98
f 1313/2659/99 1314/2658/99 1316/2660/99 1315/2661/99
f 1315/2661/100 1316/2660/100 1318/2662/100 1317/2663/100
f 1317/2663/101 1318/2662/101 1320/2664/101 1319/2665/101
f 1319/2665/102 1320/2664/102 1322/2666/102 1321/2667/102
f 1321/2667/103 1322/2666/103 1324/2668/103 1323/2669/103
f 1323/2669/104 1324/2668/104 1326/2670/104 1325/2671/104
f 1325/2671/105 1326/2670/105 1328/2672/105 1327/2673/105
f 1327/2673/106 1328/2672/106 1330/2674/106 1329/2675/106
f 1329/2675/107 1330/2674/107 1332/2676/107 1331/2677/107
f 1331/2677/108 1332/2676/108 1334/2678/108 1333/2679/108
f 1333/2679/109 1334/2678/109 1336/2680/109 1335/2681/109
f 1335/2681/110 1336/2680/110 1338/2682/110 1337/2683/110
f 1337/2683/111 1338/2682/111 1340/2684/111 1339/2685/111
f 1339/2685/112 1340/2684/112 1342/2686/112 1341/2687/112
f 1341/2687/113 1342/2686/113 1344/2688/113 1343/2689/113
f 1343/2689/114 1344/2688/114 1346/2690/114 1345/2691/114
f 1345/2691/115 1346/2690/115 1348/2692/115 1347/2693/115
f 1347/2693/116 1348/2692/116 1350/2694/116 1349/2695/116
f 1349/2695/117 1350/2694/117 1352/2696/117 1351/2697/117
f 1351/2697/118 1352/2696/118 1354/2698/118 1353/2699/118
f 1353/2699/119 1354/2698/119 1356/2700/119 1355/2701/119
f 1355/2701/120 1356/2700/120 1358/2702/120 1357/2703/120
f 1357/2703/121 1358/2702/121 1360/2704/121 1359/2705/121
f 1359/2705/122 1360/2704/122 1362/2706/122 1361/2707/122
f 1361/2707/123 1362/2706/123 1364/2708/123 1363/2709/123
f 1363/2709/124 1364/2708/124 1366/2710/124 1365/2711/124
f 1308/2712/125 1306/2713/125 1368/2714/125 1366/2715/125 1364/2716/125 1362/2717/125 1360/2718/125 1358/2719/125 1356/2720/125 1354/2721/125 1352/2722/125 1350/2723/125 1348/2724/125 1346/2725/125 1344/2726/125 1342/2727/125 1340/2728/125 1338/2729/125 1336/2730/125 1334/2731/125 1332/2732/125 1330/2733/125 1328/2734/125 1326/2735/125 1324/2736/125 1322/2737/125 1320/2738/125 1318/2739/125 1316/2740/125 1314/2741/125 1312/2742/125 1310/2743/125
f 1365/2711/126 1366/2710/126 1368/2744/126 1367/2745/126
f 1367/2745/127 1368/2744/127 1306/2746/127 1305/2747/127
f 1305/2748/128 1307/2749/128 1309/2750/128 1311/2751/128 1313/2752/128 1315/2753/128 1317/2754/128 1319/2755/128 1321/2756/128 1323/2757/128 1325/2758/128 1327/2759/128 1329/2760/128 1331/2761/128 1333/2762/128 1335/2763/128 1337/2764/128 1339/2765/128 1341/2766/128 1343/2767/128 1345/2768/128 1347/2769/128 1349/2770/128 1351/2771/128 1353/2772/128 1355/2773/128 1357/2774/128 1359/2775/128 1361/2776/128 1363/2777/128 1365/2778/128 1367/2779/128
